prod,country,longitude,latitude,Harvested_,Crop_Value,Yield,Area1
4607.5,CIV,-3.2090405,6.7086665,8526.599609375,4785095.0,540.4000244140625,8526.599609375
3153.60009766,CIV,-5.4590315,6.1253355,4371.0,3277307.0,721.5,4371.0
2821.69995117,CIV,-7.6256895,7.8753285,4640.7001953125,2932387.5,608.0,4640.7001953125
2743.69995117,CIV,-7.9590215,8.1253275,4512.39990234375,2851327.75,608.0,4512.39990234375
2733.89990234,CIV,-7.9590215,8.3753265,4553.0,2841143.5,600.4000244140625,4553.0
2722.5,CIV,-5.7090305,6.9586655,3682.0,2829296.25,739.4000244140626,3682.0
2705.10009766,CIV,-5.5423645,6.8753325,3683.0,2811213.75,734.5,3683.0
2659.10009766,CIV,-7.6256895,8.1253275,4342.5,2763409.25,612.2999877929688,4342.5
2592.39990234,CIV,-6.2923615,7.2919975,3358.39990234375,2694092.75,771.9000244140626,3358.39990234375
2580.69995117,CIV,-3.1257075,6.1253355,3756.0,2681933.75,687.0999755859375,3756.0
2561.89990234,CIV,-3.2090405,6.8753325,3274.0,2662396.25,782.5,3274.0
2523.5,CIV,-3.1257075,6.0420025,3484.0,2622490.0,724.2999877929686,3484.0
2517.30004883,CIV,-7.7090225,7.8753285,4423.0,2616046.75,569.0999755859375,4423.0
2454.10009766,CIV,-7.8756885,8.1253275,4216.0,2550367.5,582.0999755859375,4216.0
2358.69995117,CIV,-7.2090245,7.3753305,3883.0,2451225.5,607.4000244140625,3883.0
2337.60009766,CIV,-3.2923735,5.7086705,3521.39990234375,2429297.5,663.7999877929688,3521.39990234375
2335.30004883,CIV,-7.6256895,8.9586575,3121.0,2426907.5,748.2999877929686,3121.0
2325.69995117,CIV,-6.2923615,7.2086645,3203.0,2416931.0,726.0999755859374,3203.0
2321.0,CIV,-3.2090405,6.1253355,3415.0,2412046.5,679.5999755859375,3415.0
2274.60009766,CIV,-5.2090325,8.2086605,2431.699951171875,2363826.5,935.4000244140624,2431.699951171875
2270.39990234,CIV,-7.7923555,8.1253275,4012.0,2359461.5,566.0,4012.0
2238.89990234,CIV,-3.3757065,5.7086705,3207.800048828125,2326726.0,697.9000244140625,3207.800048828125
2216.60009766,CIV,-2.9590415,7.7919955,2342.699951171875,2303551.0,946.0999755859376,2342.699951171875
2181.60009766,CIV,-7.4590235,7.8753285,3910.8999023437505,2267178.25,557.9000244140625,3910.8999023437505
2171.39990234,CIV,-4.7090345,7.5419965,2656.0,2256578.0,817.5999755859374,2656.0
2166.39990234,CIV,-2.8757085,8.2919935,3059.0,2251382.0,708.2000122070312,3059.0
2162.89990234,CIV,-3.3757065,5.6253375,3418.0,2247744.5,632.7999877929688,3418.0
2160.39990234,CIV,-3.2923735,6.8753325,3001.0,2245146.5,719.9000244140625,3001.0
2149.80004883,CIV,-3.2923735,6.7919995,3170.699951171875,2234130.75,678.0,3170.699951171875
2145.60009766,CIV,-5.1256995,5.6253375,3727.0,2229766.0,575.7000122070312,3727.0
2141.39990234,CIV,-6.7090265,7.9586615,2908.0,2225401.25,736.4000244140626,2908.0
2135.89990234,CIV,-4.1257035,5.5420045,3101.199951171875,2219685.5,688.7000122070312,3101.199951171875
2128.10009766,CIV,-5.2090325,5.6253375,3828.0,2211579.5,556.0,3828.0
2066.80004883,CIV,-3.1257075,5.9586695,3211.0,2147875.0,643.5999755859375,3211.0
2065.69995117,CIV,-7.7923555,8.0419945,3343.89990234375,2146731.75,617.7000122070312,3343.89990234375
2059.89990234,CIV,-7.7090225,8.2919935,3807.0,2140704.25,541.0999755859375,3807.0
2058.69995117,CIV,-7.3756905,7.3753305,3610.0,2139457.25,570.2000122070312,3610.0
2049.39990234,CIV,-7.8756885,8.7919915,3937.0,2129792.25,520.5999755859375,3937.0
2046.30004883,CIV,-3.7923715,6.2086685,3346.300048828125,2126570.75,611.5,3346.300048828125
2042.69995117,CIV,-5.7090305,7.0419985,3204.0,2122829.5,637.5,3204.0
2030.59997559,CIV,-4.2923695,6.3753345,2867.0,2110255.0,708.2999877929688,2867.0
2014.80004883,CIV,-3.2090405,5.9586695,3020.89990234375,2093835.125,666.9000244140625,3020.89990234375
2011.90002441,CIV,-6.4590275,7.6253295,3268.0,2090821.25,615.5999755859375,3268.0
2006.30004883,CIV,-6.5423605,7.7919955,3063.0,2085001.75,655.0,3063.0
2000.69995117,CIV,-5.2923655,5.6253375,3623.0,2079181.875,552.2999877929688,3623.0
1999.40002441,CIV,-7.7090225,8.1253275,3740.0,2077831.0,534.5999755859375,3740.0
1996.80004883,CIV,-5.0423665,5.4586715,3624.0,2075129.0,551.0,3624.0
1986.69995117,CIV,-7.7090225,8.2086605,3739.0,2064632.75,531.4000244140625,3739.0
1970.59997559,CIV,-7.6256895,8.2919935,3739.0,2047901.25,527.0999755859375,3739.0
1961.69995117,CIV,-8.2090205,7.2919975,3271.0,2038652.125,599.7000122070312,3271.0
1956.80004883,CIV,-3.3757065,6.6253335,3002.0,2033559.875,651.7999877929688,3002.0
1948.30004883,CIV,-6.4590275,7.7919955,3063.0,2024726.5,636.0,3063.0
1947.09997559,CIV,-7.5423565,7.8753285,2804.5,2023479.375,694.2000122070312,2804.5
1945.80004883,CIV,-7.6256895,8.3753265,3738.0,2022128.375,520.5999755859375,3738.0
1930.80004883,CIV,-7.8756885,8.2919935,3671.0,2006540.0,526.0,3671.0
1921.40002441,CIV,-6.6256935,7.8753285,2994.0,1996771.25,641.7000122070312,2994.0
1920.90002441,CIV,-6.2090285,7.2919975,2930.0,1996251.625,655.5999755859375,2930.0
1918.90002441,CIV,-7.7923555,8.2086605,3671.0,1994173.25,522.7000122070312,3671.0
1905.40002441,CIV,-7.3756905,8.7086585,2457.60009765625,1980143.625,775.2999877929686,2457.60009765625
1903.5,CIV,-5.3756985,5.6253375,3486.0,1978169.125,546.0999755859375,3486.0
1903.5,CIV,-5.3756985,5.7086705,3486.0,1978169.125,546.0999755859375,3486.0
1902.69995117,CIV,-3.2923735,6.7086665,3002.0,1977337.75,633.7999877929688,3002.0
1901.19995117,CIV,-6.7090265,7.8753285,2744.0,1975778.875,692.7999877929688,2744.0
1895.0,CIV,-4.8757005,5.8753365,3081.300048828125,1969335.75,615.0,3081.300048828125
1866.30004883,CIV,-7.6256895,8.4586595,3669.0,1939509.875,508.7000122070313,3669.0
1861.90002441,CIV,-5.2923655,6.0420025,2755.199951171875,1934937.25,675.7000122070312,2755.199951171875
1861.40002441,CIV,-6.5423605,7.7086625,3131.0,1934417.625,594.5,3131.0
1859.69995117,CIV,-7.5423565,8.8753245,2466.300048828125,1932651.0,754.0999755859374,2466.300048828125
1855.69995117,CIV,-6.3756945,7.6253295,3200.0,1928494.0,579.9000244140625,3200.0
1855.40002441,CIV,-5.6256975,6.8753325,2933.0,1928182.25,632.5999755859375,2933.0
1848.80004883,CIV,-5.0423665,5.3753385,2375.39990234375,1921323.375,778.2999877929686,2375.39990234375
1838.30004883,CIV,-4.7090345,7.2919975,2453.0,1910411.5,749.4000244140626,2453.0
1836.59997559,CIV,-6.4590275,7.5419965,3132.0,1908644.75,586.4000244140625,3132.0
1831.5,CIV,-6.5423605,7.6253295,3132.0,1903344.75,584.7000122070312,3132.0
1824.90002441,CIV,-7.8756885,8.2086605,3603.0,1896485.75,506.5,3603.0
1814.5,CIV,-3.4590395,5.4586715,3145.0,1885677.875,576.9000244140625,3145.0
1814.0,CIV,-4.4590355,6.2920015,2663.0,1885158.25,681.2000122070312,2663.0
1810.59997559,CIV,-6.4590275,7.7086625,3131.0,1881624.875,578.2000122070312,3131.0
1808.19995117,CIV,-5.2923655,8.2086605,2099.300048828125,1879130.75,861.4000244140626,2099.300048828125
1806.69995117,CIV,-3.3757065,6.7086665,2934.0,1877571.875,615.7000122070312,2934.0
1800.90002441,CIV,-7.1256915,8.4586595,2650.0,1871544.25,679.5999755859375,2650.0
1798.40002441,CIV,-4.6257015,7.5419965,2383.0,1868946.25,754.7000122070312,2383.0
1798.09997559,CIV,-7.2923575,5.5420045,2518.89990234375,1868634.625,713.7999877929688,2518.89990234375
1797.90002441,CIV,-2.9590415,8.2086605,2573.699951171875,1868426.75,698.5,2573.699951171875
1797.69995117,CIV,-4.5423685,6.2920015,2731.0,1868218.875,658.2000122070312,2731.0
1789.19995117,CIV,-2.9590415,8.2919935,2719.0,1859385.375,658.0,2719.0
1782.30004883,CIV,-6.3756945,6.1253355,3347.0,1852214.75,532.5,3347.0
1780.59997559,CIV,-7.1256915,6.9586655,3477.0,1850448.125,512.2000122070312,3477.0
1779.40002441,CIV,-5.6256975,6.7919995,2865.0,1849201.0,621.0999755859375,2865.0
1771.19995117,CIV,-6.6256935,7.7919955,3063.0,1840679.25,578.2000122070312,3063.0
1767.19995117,CIV,-6.2923615,6.2086685,3346.0,1836522.375,528.2000122070312,3346.0
1751.5,CIV,-3.3757065,5.2920055,2804.0,1820206.5,624.5999755859375,2804.0
1749.59997559,CIV,-5.1256995,5.3753385,3278.300048828125,1818232.0,533.7000122070312,3278.300048828125
1745.69995117,CIV,-7.2923575,5.2920055,2804.0,1814179.0,622.5999755859375,2804.0
1742.09997559,CIV,-4.6257015,7.3753305,2452.0,1810437.75,710.5,2452.0
1739.30004883,CIV,-6.3756945,7.7086625,3131.0,1807528.0,555.5999755859375,3131.0
1734.09997559,CIV,-5.2923655,5.5420045,3302.89990234375,1802124.0,525.0999755859375,3302.89990234375
1730.5,CIV,-7.5423565,7.9586615,2748.60009765625,1798382.75,629.5999755859375,2748.60009765625
1730.19995117,CIV,-6.8756925,7.0419985,2760.699951171875,1798071.0,626.7000122070312,2760.699951171875
1722.5,CIV,-4.1257035,5.4586715,2940.0,1790068.875,585.9000244140625,2940.0
1720.0,CIV,-5.6256975,5.6253375,2965.199951171875,1787470.875,580.0,2965.199951171875
1719.80004883,CIV,-7.7090225,7.2086645,3203.0,1787263.0,537.0,3203.0
1717.5,CIV,-5.3756985,5.5420045,3350.0,1784872.875,512.7000122070312,3350.0
1715.0,CIV,-7.5423565,6.5420005,3207.0,1782274.7499999995,534.7999877929688,3207.0
1715.0,CIV,-7.6256895,6.6253335,3207.0,1782274.7499999995,534.7999877929688,3207.0
1715.0,CIV,-7.4590235,6.6253335,3207.0,1782274.7499999995,534.7999877929688,3207.0
1714.80004883,CIV,-7.6256895,7.2919975,3048.10009765625,1782067.0,562.5999755859375,3048.10009765625
1713.19995117,CIV,-3.2923735,5.5420045,3077.0,1780404.25,556.9000244140625,3077.0
1712.69995117,CIV,-7.7923555,7.3753305,2796.10009765625,1779884.5,612.5,2796.10009765625
1711.90002441,CIV,-6.3756945,6.2920015,3277.0,1779053.125,522.4000244140625,3277.0
1711.90002441,CIV,-6.2923615,6.2920015,3277.0,1779053.125,522.4000244140625,3277.0
1711.59997559,CIV,-7.1256915,7.0419985,3477.0,1778741.375,492.2999877929688,3477.0
1699.0,CIV,-7.4590235,6.4586675,3208.0,1765647.125,529.5999755859375,3208.0
1697.40002441,CIV,-5.1256995,5.5420045,2967.5,1763984.25,571.9000244140625,2967.5
1692.69995117,CIV,-5.2090325,5.5420045,3092.89990234375,1759100.0000000002,547.2999877929688,3092.89990234375
1690.09997559,CIV,-7.6256895,6.5420005,3207.0,1756398.0,527.0,3207.0
1689.80004883,CIV,-6.7923595,5.8753365,3211.0,1756086.25,526.2999877929688,3211.0
1688.19995117,CIV,-2.8757085,8.3753265,2786.0,1754423.375,605.9000244140625,2786.0
1686.5,CIV,-7.4590235,6.3753345,3208.0,1752656.75,525.7000122070312,3208.0
1685.69995117,CIV,-6.8756925,6.0420025,3211.0,1751825.375,525.0,3211.0
1683.5,CIV,-7.6256895,8.6253255,3464.0,1749539.125,486.0,3464.0
1682.80004883,CIV,-5.8756965,6.7919995,2660.0,1748811.75,632.5999755859375,2660.0
1681.5,CIV,-6.7923595,5.9586695,3211.0,1747460.6250000002,523.7000122070312,3211.0
1681.0,CIV,-6.9590255,6.1253355,3210.0,1746941.0,523.7000122070312,3210.0
1679.30004883,CIV,-7.7923555,7.2086645,3150.0,1745174.375,533.2000122070312,3150.0
1678.59997559,CIV,-5.7923635,5.7920035,3212.0,1744446.875,522.5999755859375,3212.0
1677.19995117,CIV,-7.5423565,8.9586575,2307.0,1742991.875,727.0,2307.0
1676.90002441,CIV,-6.8756925,6.1253355,3210.0,1742680.25,522.4000244140625,3210.0
1675.30004883,CIV,-4.5423685,8.2086605,2515.0,1741017.375,666.0999755859375,2515.0
1674.5,CIV,-6.8756925,6.7919995,3274.0,1740186.0,511.5,3274.0
1669.90002441,CIV,-4.7923675,7.6253295,2451.0,1735405.75,681.2999877929688,2451.0
1669.90002441,CIV,-4.0423705,5.5420045,2726.800048828125,1735405.75,612.4000244140625,2726.800048828125
1669.90002441,CIV,-7.5423565,6.3753345,3208.0,1735405.75,520.5999755859375,3208.0
1668.5,CIV,-7.4590235,8.5419925,3464.0,1733950.75,481.7000122070313,3464.0
1665.90002441,CIV,-7.4590235,7.0419985,3175.89990234375,1731248.75,524.5999755859375,3175.89990234375
1665.19995117,CIV,-7.7090225,6.6253335,3207.0,1730521.25,519.2999877929688,3207.0
1659.09997559,CIV,-6.6256935,6.3753345,3282.0,1724182.0,505.5,3282.0
1657.5,CIV,-2.8757085,8.2086605,2651.0,1722519.25,625.2000122070312,2651.0
1657.40002441,CIV,-7.5423565,6.4586675,3208.0,1722415.25,516.7000122070312,3208.0
1657.30004883,CIV,-7.5423565,8.5419925,3464.0,1722311.375,478.5,3464.0
1656.09997559,CIV,-6.7090265,6.4586675,3276.0,1721064.25,505.5,3276.0
1653.30004883,CIV,-7.4590235,8.2919935,3671.0,1718154.375,450.3999938964844,3671.0
1651.90002441,CIV,-4.7923675,5.2920055,1847.0,1716699.5,894.4000244140626,1847.0
1649.90002441,CIV,-6.6256935,7.7086625,2927.0,1714621.125,563.7000122070312,2927.0
1648.09997559,CIV,-3.2090405,6.3753345,2867.0,1712750.5,574.7999877929688,2867.0
1647.30004883,CIV,-6.8756925,5.9586695,3137.89990234375,1711919.125,525.0,3137.89990234375
1644.5,CIV,-6.3756945,6.2086685,3210.0,1709009.25,512.2999877929688,3210.0
1642.30004883,CIV,-5.2923655,6.3753345,2265.39990234375,1706722.875,724.9000244140626,2265.39990234375
1642.30004883,CIV,-4.6257015,7.6253295,2383.0,1706722.875,689.0999755859375,2383.0
1639.90002441,CIV,-5.9590295,6.1253355,3210.0,1704228.75,510.8999938964844,3210.0
1634.59997559,CIV,-7.3756905,6.3753345,3063.89990234375,1698720.875,533.5,3063.89990234375
1634.30004883,CIV,-7.2923575,7.3753305,3270.0,1698409.125,499.7999877929688,3270.0
1632.09997559,CIV,-2.8757085,7.7919955,1650.800048828125,1696122.7499999995,988.5999755859376,1650.800048828125
1630.69995117,CIV,-7.6256895,8.7086585,3463.0,1694667.875,470.8999938964844,3463.0
1630.09997559,CIV,-6.7923595,6.5420005,3207.0,1694044.25,508.2999877929688,3207.0
1629.40002441,CIV,-6.7923595,6.1253355,3182.10009765625,1693316.875,512.0999755859375,3182.10009765625
1628.19995117,CIV,-7.4590235,7.2919975,2927.5,1692069.75,556.2000122070312,2927.5
1624.69995117,CIV,-6.5423605,6.3753345,3277.0,1688432.5,495.7999877929688,3277.0
1622.59997559,CIV,-5.0423665,5.6253375,2893.0,1686250.25,560.9000244140625,2893.0
1618.90002441,CIV,-7.8756885,8.3753265,2849.800048828125,1682405.125,568.0,2849.800048828125
1611.90002441,CIV,-4.7090345,7.3753305,2220.10009765625,1675130.375,726.0999755859374,2220.10009765625
1611.59997559,CIV,-5.9590295,6.2920015,3209.0,1674818.7499999995,502.2000122070313,3209.0
1610.30004883,CIV,-7.4590235,8.9586575,2307.0,1673467.625,698.0,2307.0
1607.80004883,CIV,-6.5423605,6.8753325,3274.0,1670869.625,491.1000061035156,3274.0
1607.80004883,CIV,-7.9590215,7.0419985,2792.89990234375,1670869.625,575.5999755859375,2792.89990234375
1605.59997559,CIV,-5.0423665,6.2920015,2768.800048828125,1668583.25,579.7999877929688,2768.800048828125
1605.40002441,CIV,-3.3757065,5.4586715,3009.0,1668375.375,533.5999755859375,3009.0
1600.59997559,CIV,-7.3756905,6.6253335,3207.0,1663387.25,499.1000061035156,3207.0
1600.0,CIV,-6.1256955,8.0419945,2108.0,1662763.625,759.0,2108.0
1599.59997559,CIV,-7.3756905,8.2919935,3535.0,1662347.875,452.5,3535.0
1596.80004883,CIV,-6.6256935,6.2086685,3346.0,1659438.125,477.2999877929688,3346.0
1596.40002441,CIV,-6.8756925,6.7086665,3138.0,1659022.375,508.7999877929688,3138.0
1595.09997559,CIV,-6.8756925,6.5420005,3071.0,1657671.375,519.4000244140625,3071.0
1593.30004883,CIV,-6.5423605,7.5419965,2928.0,1655800.75,544.2000122070312,2928.0
1591.0,CIV,-6.2090285,6.2920015,3141.0,1653410.625,506.6000061035156,3141.0
1589.0,CIV,-7.7090225,8.7919915,3462.0,1651332.125,459.0,3462.0
1589.0,CIV,-7.6256895,8.7919915,3462.0,1651332.125,459.0,3462.0
1586.80004883,CIV,-5.2923655,5.7086705,2925.800048828125,1649045.75,542.4000244140625,2925.800048828125
1585.40002441,CIV,-6.8756925,6.2086685,3269.10009765625,1647590.875,485.0,3269.10009765625
1585.09997559,CIV,-6.5423605,6.9586655,3273.0,1647279.125,484.2999877929688,3273.0
1580.69995117,CIV,-7.1256915,6.7919995,3206.0,1642706.5,493.1000061035156,3206.0
1580.09997559,CIV,-7.9590215,6.8753325,3137.0,1642083.0,503.7000122070313,3137.0
1577.40002441,CIV,-6.1256955,6.2086685,3141.0,1639277.125,502.2000122070313,3141.0
1577.40002441,CIV,-5.9590295,6.2086685,3141.0,1639277.125,502.2000122070313,3141.0
1577.09997559,CIV,-6.3756945,6.3753345,3208.0,1638965.2500000002,491.6000061035156,3208.0
1573.90002441,CIV,-6.4590275,6.8753325,3205.0,1635639.75,491.1000061035156,3205.0
1573.40002441,CIV,-4.3757025,6.3753345,2526.0,1635120.25,622.7999877929688,2526.0
1572.90002441,CIV,-8.2090205,7.3753305,2629.0,1634600.5,598.2000122070312,2629.0
1572.80004883,CIV,-3.0423745,5.3753385,3009.0,1634496.75,522.7000122070312,3009.0
1572.69995117,CIV,-6.7090265,6.3753345,3208.0,1634392.75,490.2999877929688,3208.0
1571.09997559,CIV,-7.6256895,8.2086605,3399.0,1632729.875,462.2999877929688,3399.0
1570.40002441,CIV,-4.9590335,6.1253355,2800.0,1632002.5,560.9000244140625,2800.0
1568.59997559,CIV,-7.1256915,6.8753325,3205.0,1630131.875,489.5,3205.0
1567.19995117,CIV,-6.7923595,7.0419985,2932.0,1628676.875,534.5,2932.0
1565.0,CIV,-3.2923735,6.4586675,2802.300048828125,1626390.75,558.5,2802.300048828125
1564.30004883,CIV,-5.8756965,6.1253355,3142.0,1625663.25,497.8999938964844,3142.0
1562.69995117,CIV,-5.6256975,6.7086665,2865.0,1624000.375,545.5,2865.0
1561.90002441,CIV,-5.7090305,5.7920035,2906.89990234375,1623169.0,537.2999877929688,2906.89990234375
1558.19995117,CIV,-8.1256875,7.2919975,2930.0,1619323.875,531.9000244140625,2930.0
1556.90002441,CIV,-7.9590215,7.2086645,2671.699951171875,1617972.875,582.7000122070312,2671.699951171875
1554.80004883,CIV,-6.1256955,6.2920015,3141.0,1615790.625,495.0,3141.0
1554.80004883,CIV,-5.8756965,6.2086685,3141.0,1615790.625,495.0,3141.0
1554.5,CIV,-3.2923735,6.2086685,2800.0,1615478.75,555.2000122070312,2800.0
1554.5,CIV,-3.2090405,6.2086685,2800.0,1615478.75,555.2000122070312,2800.0
1552.0,CIV,-3.2090405,6.2920015,2731.0,1612880.75,568.2000122070312,2731.0
1550.90002441,CIV,-6.8756925,6.6253335,3002.0,1611737.5,516.7000122070312,3002.0
1549.0,CIV,-7.4590235,8.6253255,3304.699951171875,1609763.0,468.7000122070313,3304.699951171875
1547.90002441,CIV,-6.6256935,6.0420025,3279.0,1608619.875,472.1000061035156,3279.0
1547.59997559,CIV,-6.3756945,6.5420005,3139.0,1608308.125,493.0,3139.0
1544.80004883,CIV,-3.2923735,6.3753345,2799.0,1605398.25,552.0,2799.0
1543.80004883,CIV,-7.5423565,8.1253275,2722.800048828125,1604359.125,566.9000244140625,2722.800048828125
1543.30004883,CIV,-5.4590315,6.0420025,3003.0,1603839.375,514.0,3003.0
1540.0,CIV,-6.6256935,6.9586655,3068.0,1600410.0,502.0,3068.0
1539.5,CIV,-7.2923575,5.3753385,2328.60009765625,1599890.375,661.0999755859375,2328.60009765625
1538.09997559,CIV,-4.7090345,7.1253315,2317.0,1598435.5,663.7999877929688,2317.0
1537.5,CIV,-7.3756905,7.2919975,2803.199951171875,1597811.875,548.5,2803.199951171875
1536.5,CIV,-4.9590335,5.6253375,1889.8000488281248,1596772.75,813.0,1889.8000488281248
1536.30004883,CIV,-5.7923635,5.7086705,2917.300048828125,1596564.875,526.5999755859375,2917.300048828125
1533.80004883,CIV,-6.7090265,6.7086665,3031.10009765625,1593966.75,506.0,3031.10009765625
1528.80004883,CIV,-4.9590335,6.2086685,2683.89990234375,1588770.625,569.5999755859375,2683.89990234375
1528.30004883,CIV,-4.6257015,7.8753285,2200.89990234375,1588251.125,694.4000244140625,2200.89990234375
1528.19995117,CIV,-7.6256895,9.0419905,2239.0,1588147.125,682.5,2239.0
1526.80004883,CIV,-6.7090265,6.5420005,3071.0,1586692.25,497.2000122070313,3071.0
1524.30004883,CIV,-6.4590275,7.4586635,2861.0,1584094.125,532.7999877929688,2861.0
1522.09997559,CIV,-5.8756965,5.8753365,3075.0,1581807.75,495.0,3075.0
1521.40002441,CIV,-5.5423645,5.2920055,3033.199951171875,1581080.375,501.6000061035156,3033.199951171875
1518.0,CIV,-8.0423545,7.2919975,2862.0,1577547.0,530.4000244140625,2862.0
1515.19995117,CIV,-4.2090365,6.5420005,2449.10009765625,1574637.125,618.7000122070312,2449.10009765625
1513.09997559,CIV,-3.3757065,6.1253355,1945.0,1572454.75,777.9000244140626,1945.0
1512.80004883,CIV,-5.2923655,5.3753385,2667.800048828125,1572143.0,567.0,2667.800048828125
1511.69995117,CIV,-6.7923595,6.6253335,2934.0,1570999.75,515.2999877929688,2934.0
1510.5,CIV,-4.2090365,6.3753345,2458.0,1569752.75,614.5,2458.0
1509.80004883,CIV,-6.6256935,6.2920015,3189.60009765625,1569025.25,473.3999938964844,3189.60009765625
1508.69995117,CIV,-4.0423705,5.6253375,2599.699951171875,1567882.25,580.2999877929688,2599.699951171875
1503.90002441,CIV,-4.6257015,5.7086705,2218.60009765625,1562893.8750000002,677.7999877929688,2218.60009765625
1501.90002441,CIV,-6.2090285,7.9586615,2041.0,1560815.375,735.9000244140626,2041.0
1499.40002441,CIV,-5.8756965,5.9586695,3074.0,1558217.375,487.7999877929688,3074.0
1498.90002441,CIV,-6.0423625,6.1253355,3073.0,1557697.75,487.7999877929688,3073.0
1497.69995117,CIV,-6.2090285,6.3753345,3004.0,1556450.7499999995,498.6000061035156,3004.0
1496.69995117,CIV,-6.2923615,5.0420065,2942.0,1555411.5,508.7999877929688,2942.0
1496.5,CIV,-6.5423605,6.6253335,2866.0,1555203.625,522.2000122070312,2866.0
1496.19995117,CIV,-3.3757065,5.5420045,2871.0,1554891.75,521.2000122070312,2871.0
1494.90002441,CIV,-7.5423565,6.8753325,2980.89990234375,1553540.75,501.5,2980.89990234375
1493.69995117,CIV,-3.6257055,5.3753385,2736.0,1552293.75,546.0,2736.0
1493.09997559,CIV,-6.8756925,6.8753325,2881.199951171875,1551670.25,518.2999877929688,2881.199951171875
1488.59997559,CIV,-6.7923595,6.7086665,2865.0,1546993.75,519.5999755859375,2865.0
1487.5,CIV,-4.4590355,5.5420045,2213.39990234375,1545850.625,672.0,2213.39990234375
1487.5,CIV,-7.9590215,6.9586655,3068.0,1545850.625,484.8999938964844,3068.0
1487.5,CIV,-6.4590275,6.2920015,3141.0,1545850.625,473.6000061035156,3141.0
1483.30004883,CIV,-3.0423745,5.4586715,2872.0,1541485.75,516.5,2872.0
1480.80004883,CIV,-6.5423605,6.7086665,2865.0,1538887.75,516.9000244140625,2865.0
1480.19995117,CIV,-7.6256895,9.1253235,2306.0,1538264.25,641.9000244140625,2306.0
1479.59997559,CIV,-6.2923615,6.4586675,2935.0,1537640.75,504.2000122070313,2935.0
1479.09997559,CIV,-7.8756885,7.2086645,2563.10009765625,1537121.125,577.0,2563.10009765625
1478.90002441,CIV,-6.7923595,7.1253315,2863.0,1536913.25,516.5999755859375,2863.0
1478.90002441,CIV,-3.2923735,5.4586715,2872.0,1536913.25,515.0,2872.0
1478.09997559,CIV,-6.4590275,6.2086685,3210.0,1536081.875,460.5,3210.0
1476.40002441,CIV,-6.8756925,6.9586655,2864.0,1534315.125,515.5,2864.0
1475.90002441,CIV,-7.7090225,6.5420005,2871.10009765625,1533795.5,514.0999755859375,2871.10009765625
1475.09997559,CIV,-4.4590355,5.6253375,2166.89990234375,1532964.125,680.7000122070312,2166.89990234375
1474.40002441,CIV,-3.4590395,5.3753385,2872.0,1532236.75,513.4000244140625,2872.0
1473.19995117,CIV,-7.7923555,6.6253335,3002.0,1530989.625,490.7999877929688,3002.0
1473.0,CIV,-6.4590275,6.7919995,2865.0,1530781.75,514.2000122070312,2865.0
1472.69995117,CIV,-6.5423605,6.5420005,2866.0,1530470.0,513.9000244140625,2866.0
1472.30004883,CIV,-6.0423625,6.2086685,3073.0,1530054.25,479.1000061035156,3073.0
1469.09997559,CIV,-6.7923595,6.7919995,2865.0,1526728.75,512.7999877929688,2865.0
1467.09997559,CIV,-3.7090385,5.7086705,2705.0,1524650.25,542.4000244140625,2705.0
1465.09997559,CIV,-3.6257055,5.4586715,2803.0,1522571.875,522.7000122070312,2803.0
1464.90002441,CIV,-6.3756945,7.5419965,2562.10009765625,1522364.0000000002,571.7000122070312,2562.10009765625
1464.5,CIV,-6.7923595,6.4586675,2913.10009765625,1521948.25,502.7999877929688,2913.10009765625
1462.80004883,CIV,-6.2923615,6.5420005,2934.0,1520181.75,498.6000061035156,2934.0
1462.30004883,CIV,-7.0423585,6.2086685,2792.5,1519662.0,523.7000122070312,2792.5
1454.09997559,CIV,-7.3756905,8.5419925,3067.0,1511140.375,474.1000061035156,3067.0
1449.40002441,CIV,-6.0423625,7.8753285,2041.0,1506256.0,710.0999755859375,2041.0
1449.40002441,CIV,-6.0423625,7.9586615,2041.0,1506256.0,710.0999755859375,2041.0
1446.80004883,CIV,-6.1256955,6.8753325,2523.0,1503554.0,573.4000244140625,2523.0
1445.5,CIV,-2.7923755,8.2919935,2583.0,1502203.0,559.7000122070312,2583.0
1444.80004883,CIV,-6.7090265,7.0419985,2863.0,1501475.625,504.7000122070313,2863.0
1444.5,CIV,-6.1256955,5.8753365,3006.0,1501163.75,480.6000061035156,3006.0
1444.09997559,CIV,-6.1256955,7.9586615,2041.0,1500748.125,707.5999755859375,2041.0
1441.59997559,CIV,-6.6256935,6.6253335,2798.0,1498150.0,515.2999877929688,2798.0
1441.40002441,CIV,-2.7090425,8.0419945,2449.0,1497942.25,588.5,2449.0
1440.90002441,CIV,-7.7090225,9.1253235,2238.0,1497422.5,643.7999877929688,2238.0
1438.0,CIV,-6.5423605,6.7919995,2865.0,1494408.75,502.0,2865.0
1436.0,CIV,-7.6256895,6.4586675,2807.699951171875,1492330.25,511.5,2807.699951171875
1435.90002441,CIV,-7.2090245,6.8753325,2877.199951171875,1492226.375,499.1000061035156,2877.199951171875
1435.90002441,CIV,-6.6256935,7.0419985,2932.0,1492226.375,489.7999877929688,2932.0
1435.09997559,CIV,-6.7923595,6.2920015,2986.60009765625,1491395.0,480.5,2986.60009765625
1435.09997559,CIV,-3.4590395,5.2920055,2804.0,1491395.0,511.8999938964844,2804.0
1435.0,CIV,-6.5423605,7.1253315,2454.0,1491291.25,584.7000122070312,2454.0
1434.0,CIV,-5.3756985,6.3753345,1966.8000488281248,1490251.875,729.0999755859374,1966.8000488281248
1433.69995117,CIV,-6.7090265,6.8753325,2796.0,1489940.125,512.7999877929688,2796.0
1433.69995117,CIV,-6.7923595,6.8753325,2796.0,1489940.125,512.7999877929688,2796.0
1432.19995117,CIV,-4.7923675,5.8753365,2665.0,1488381.2500000002,537.4000244140625,2665.0
1430.80004883,CIV,-3.5423725,5.3753385,2804.0,1486926.375,510.2999877929688,2804.0
1427.80004883,CIV,-3.7923715,6.1253355,2937.0,1483808.75,486.2000122070313,2937.0
1427.19995117,CIV,-5.7923635,6.0420025,3006.0,1483185.125,474.7999877929688,3006.0
1426.69995117,CIV,-6.7090265,6.7919995,2797.0,1482665.625,510.1000061035156,2797.0
1426.69995117,CIV,-7.6256895,7.2086645,2702.199951171875,1482665.625,528.0,2702.199951171875
1426.40002441,CIV,-3.5423725,5.2920055,2804.0,1482353.75,508.7999877929688,2804.0
1426.30004883,CIV,-7.5423565,7.3753305,2929.0,1482249.875,487.0,2929.0
1421.40002441,CIV,-6.2923615,6.3753345,2867.0,1477157.625,495.7999877929688,2867.0
1418.80004883,CIV,-5.1256995,5.7086705,2469.89990234375,1474455.625,574.4000244140625,2469.89990234375
1417.90002441,CIV,-4.3757025,5.5420045,2123.60009765625,1473520.375,667.7000122070312,2123.60009765625
1415.30004883,CIV,-6.4590275,6.7086665,2797.0,1470818.375,506.0,2797.0
1414.19995117,CIV,-6.0423625,6.7919995,2524.0,1469675.25,560.4000244140625,2524.0
1413.90002441,CIV,-7.7923555,8.7919915,3002.800048828125,1469363.3749999995,470.8999938964844,3002.800048828125
1410.69995117,CIV,-6.2923615,5.9586695,3143.0,1466037.8750000002,448.8999938964844,3143.0
1410.59997559,CIV,-7.8756885,9.2086565,2238.0,1465934.0,630.2999877929688,2238.0
1409.30004883,CIV,-5.7090305,5.1253395,3010.0,1464583.0,468.2000122070313,3010.0
1407.40002441,CIV,-7.7090225,8.8753245,3258.0,1462608.375,432.0,3258.0
1406.40002441,CIV,-6.6256935,6.8753325,2864.0,1461569.25,491.1000061035156,2864.0
1405.09997559,CIV,-6.5423605,7.2086645,2429.800048828125,1460218.25,578.2000122070312,2429.800048828125
1404.69995117,CIV,-5.4590315,5.7920035,3212.0,1459802.5,437.2999877929688,3212.0
1402.69995117,CIV,-6.6256935,5.6253375,2803.0,1457724.125,500.5,2803.0
1402.69995117,CIV,-5.0423665,5.5420045,2517.60009765625,1457724.125,557.2000122070312,2517.60009765625
1400.30004883,CIV,-6.1256955,6.7086665,2456.0,1455229.8750000002,570.0999755859375,2456.0
1399.40002441,CIV,-7.4590235,6.1253355,2800.0,1454294.625,499.7999877929688,2800.0
1398.0,CIV,-6.2923615,6.1253355,2597.300048828125,1452839.75,538.2999877929688,2597.300048828125
1397.59997559,CIV,-7.5423565,9.1253235,2238.0,1452424.0,624.5,2238.0
1396.09997559,CIV,-8.0423545,8.3753265,2434.5,1450865.25,573.4000244140625,2434.5
1394.30004883,CIV,-7.7090225,7.7919955,2162.60009765625,1448994.625,644.7000122070312,2162.60009765625
1394.0,CIV,-5.1256995,5.4586715,2524.39990234375,1448682.7499999995,552.2999877929688,2524.39990234375
1393.0,CIV,-8.0423545,7.2086645,2437.89990234375,1447643.625,571.4000244140625,2437.89990234375
1391.09997559,CIV,-3.2090405,5.4586715,2803.0,1445669.0,496.2999877929688,2803.0
1390.30004883,CIV,-3.8757045,6.4586675,2656.699951171875,1444837.625,523.4000244140625,2656.699951171875
1390.19995117,CIV,-7.4590235,6.2086685,2732.0,1444733.75,508.8999938964844,2732.0
1388.69995117,CIV,-4.6257015,6.0420025,2664.0,1443174.875,521.2999877929688,2664.0
1387.19995117,CIV,-6.2090285,5.8753365,2670.300048828125,1441616.0,519.5999755859375,2670.300048828125
1387.19995117,CIV,-6.2090285,6.4586675,2798.0,1441616.0,495.7999877929688,2798.0
1386.90002441,CIV,-8.0423545,6.8753325,2864.0,1441304.25,484.2999877929688,2864.0
1384.30004883,CIV,-5.1256995,8.3753265,2243.0,1438602.25,617.2000122070312,2243.0
1383.80004883,CIV,-7.2923575,6.7919995,2766.10009765625,1438082.7499999995,500.2999877929688,2766.10009765625
1383.69995117,CIV,-7.2923575,8.5419925,3125.0,1437978.7499999995,442.7999877929688,3125.0
1382.69995117,CIV,-5.8756965,5.7086705,2990.0,1436939.5,462.5,2990.0
1382.09997559,CIV,-7.7090225,6.4586675,2730.0,1436316.0000000002,506.2999877929688,2730.0
1381.09997559,CIV,-6.6256935,6.7919995,2797.0,1435276.75,493.7999877929688,2797.0
1376.90002441,CIV,-4.1257035,5.3753385,2599.0,1430912.0,529.9000244140625,2599.0
1376.09997559,CIV,-6.5423605,7.4586635,2724.0,1430080.625,505.2000122070313,2724.0
1374.09997559,CIV,-2.7923755,8.3753265,2447.0,1428002.25,561.5999755859375,2447.0
1372.90002441,CIV,-7.6256895,7.7919955,2086.699951171875,1426755.125,657.9000244140625,2086.699951171875
1372.5,CIV,-7.5423565,6.2086685,2732.0,1426339.3749999995,502.3999938964844,2732.0
1372.5,CIV,-7.8756885,7.2919975,2760.300048828125,1426339.3749999995,497.2999877929688,2760.300048828125
1371.5,CIV,-6.1256955,5.7920035,2723.300048828125,1425300.25,503.7000122070313,2723.300048828125
1370.90002441,CIV,-6.8756925,6.4586675,2668.0,1424676.6250000002,513.9000244140625,2668.0
1368.19995117,CIV,-5.6256975,6.0420025,3055.800048828125,1421870.75,447.7999877929688,3055.800048828125
1366.90002441,CIV,-4.4590355,8.0419945,2245.0,1420519.75,608.7999877929688,2245.0
1363.40002441,CIV,-6.7923595,6.3753345,2781.199951171875,1416882.5,490.2999877929688,2781.199951171875
1359.80004883,CIV,-6.1256955,8.3753265,2175.0,1413141.2500000002,625.2000122070312,2175.0
1359.30004883,CIV,-4.7923675,5.4586715,2325.0,1412621.75,584.5999755859375,2325.0
1357.40002441,CIV,-5.6256975,7.0419985,1953.0999755859373,1410647.125,695.0,1953.0999755859373
1355.40002441,CIV,-7.6256895,8.8753245,3122.0,1408568.625,434.2000122070313,3122.0
1354.80004883,CIV,-5.5423645,5.5420045,2642.5,1407945.125,512.7000122070312,2642.5
1354.0,CIV,-7.5423565,8.6253255,2817.5,1407113.75,480.6000061035156,2817.5
1353.59997559,CIV,-3.3757065,5.3753385,2736.0,1406698.1249999995,494.7999877929688,2736.0
1353.0,CIV,-7.2090245,8.4586595,2990.0,1406074.5,452.5,2990.0
1352.0,CIV,-5.3756985,5.2920055,2539.199951171875,1405035.25,532.5,2539.199951171875
1348.0,CIV,-3.2923735,6.6253335,2525.0,1400878.25,533.9000244140625,2525.0
1344.30004883,CIV,-6.4590275,7.2086645,2385.0,1397033.25,563.7000122070312,2385.0
1344.19995117,CIV,-7.5423565,6.1253355,2732.0,1396929.25,492.1000061035156,2732.0
1344.09997559,CIV,-4.1257035,6.4586675,2321.0,1396825.375,579.0999755859375,2321.0
1344.0,CIV,-7.3756905,8.3753265,2723.199951171875,1396721.5,493.6000061035156,2723.199951171875
1342.40002441,CIV,-7.3756905,5.4586715,1952.6999511718752,1395058.7499999995,687.5,1952.6999511718752
1340.80004883,CIV,-5.1256995,8.4586595,1902.0,1393395.875,705.0,1902.0
1337.09997559,CIV,-7.4590235,6.0420025,2732.0,1389550.75,489.5,2732.0
1336.5,CIV,-5.7090305,6.7919995,2592.0,1388927.25,515.7000122070312,2592.0
1335.40002441,CIV,-6.5423605,7.2919975,2383.0,1387784.0,560.5,2383.0
1334.0,CIV,-6.4590275,6.6253335,2729.0,1386329.25,488.8999938964844,2729.0
1330.40002441,CIV,-5.6256975,6.6253335,2661.0,1382588.0000000002,500.0,2661.0
1329.40002441,CIV,-3.0423745,7.1253315,1977.0,1381548.75,672.5,1977.0
1325.5,CIV,-7.2090245,6.4586675,2669.0,1377495.75,496.7000122070313,2669.0
1325.0,CIV,-6.5423605,6.4586675,2798.0,1376976.25,473.6000061035156,2798.0
1324.69995117,CIV,-7.4590235,8.2086605,3013.89990234375,1376664.375,439.6000061035156,3013.89990234375
1323.80004883,CIV,-3.4590395,6.5420005,2457.0,1375729.125,538.9000244140625,2457.0
1322.69995117,CIV,-6.1256955,8.2919935,2107.0,1374585.875,627.7999877929688,2107.0
1322.59997559,CIV,-6.3756945,6.6253335,2729.0,1374482.0,484.7000122070313,2729.0
1321.80004883,CIV,-5.6256975,5.9586695,3006.0,1373650.625,439.7000122070313,3006.0
1316.80004883,CIV,-4.1257035,6.9586655,1909.0,1368454.375,689.7000122070312,1909.0
1316.69995117,CIV,-5.6256975,5.7920035,2736.300048828125,1368350.625,481.2000122070313,2736.300048828125
1312.80004883,CIV,-2.7923755,8.2086605,2447.0,1364297.625,536.5,2447.0
1311.80004883,CIV,-5.8756965,6.4586675,2525.0,1363258.25,519.5999755859375,2525.0
1309.80004883,CIV,-5.7090305,5.9586695,3006.0,1361179.875,435.7000122070313,3006.0
1309.09997559,CIV,-4.1257035,6.7086665,2047.0,1360452.5,639.5,2047.0
1309.0,CIV,-5.4590315,5.4586715,2481.39990234375,1360348.5,527.5999755859375,2481.39990234375
1308.0,CIV,-7.9590215,6.5420005,2730.0,1359309.2500000002,479.1000061035156,2730.0
1307.80004883,CIV,-3.3757065,6.5420005,2457.0,1359101.375,532.2999877929688,2457.0
1307.80004883,CIV,-3.6257055,6.4586675,2457.0,1359101.375,532.2999877929688,2457.0
1306.59997559,CIV,-5.2090325,8.3753265,2175.0,1357854.25,600.7000122070312,2175.0
1304.69995117,CIV,-5.4590315,6.3753345,2731.0,1355879.75,477.7999877929688,2731.0
1304.30004883,CIV,-6.7923595,7.9586615,1478.5,1355464.125,882.2000122070312,1478.5
1301.30004883,CIV,-6.6256935,4.8753405,2308.39990234375,1352346.375,563.7999877929688,2308.39990234375
1300.30004883,CIV,-6.0423625,7.7919955,1974.0,1351307.25,658.7000122070312,1974.0
1299.40002441,CIV,-6.7090265,6.0420025,2623.5,1350371.875,495.2999877929688,2623.5
1297.59997559,CIV,-7.4590235,5.9586695,2686.60009765625,1348501.2500000002,483.0,2686.60009765625
1297.09997559,CIV,-5.6256975,5.2086725,2637.89990234375,1347981.75,491.7000122070313,2637.89990234375
1294.09997559,CIV,-6.2090285,7.7919955,1905.0999755859373,1344864.0,679.2000122070312,1905.0999755859373
1293.59997559,CIV,-5.7923635,6.4586675,2525.0,1344344.375,512.2999877929688,2525.0
1292.5,CIV,-8.1256875,6.5420005,2727.199951171875,1343201.25,473.8999938964844,2727.199951171875
1291.90002441,CIV,-7.8756885,8.0419945,2155.300048828125,1342577.75,599.2999877929688,2155.300048828125
1291.5,CIV,-4.7090345,5.5420045,1930.0,1342162.0,669.0999755859375,1930.0
1290.19995117,CIV,-6.7090265,5.8753365,2733.0,1340811.0,472.1000061035156,2733.0
1290.09997559,CIV,-2.9590415,8.3753265,2379.0,1340707.0,542.2999877929688,2379.0
1289.0,CIV,-7.4590235,6.2920015,2482.5,1339563.875,519.2999877929688,2482.5
1288.80004883,CIV,-4.2923695,8.2086605,2243.0,1339356.125,574.5,2243.0
1288.69995117,CIV,-5.4590315,5.8753365,3006.0,1339252.25,428.7000122070313,3006.0
1288.0,CIV,-5.5423645,6.9586655,2496.39990234375,1338524.75,516.0,2496.39990234375
1286.80004883,CIV,-5.8756965,6.3753345,2526.0,1337277.625,509.3999938964844,2526.0
1283.5,CIV,-5.7923635,6.7086665,2524.0,1333848.25,508.6000061035156,2524.0
1282.30004883,CIV,-5.6256975,5.7086705,2190.300048828125,1332601.125,585.4000244140625,2190.300048828125
1280.09997559,CIV,-6.2090285,7.1253315,2658.0,1330314.7499999995,481.6000061035156,2658.0
1279.09997559,CIV,-4.3757025,8.1253275,2244.0,1329275.625,569.9000244140625,2244.0
1278.90002441,CIV,-5.6256975,5.8753365,2944.199951171875,1329067.75,434.3999938964844,2944.199951171875
1276.90002441,CIV,-5.8756965,6.5420005,2525.0,1326989.2500000002,505.7000122070313,2525.0
1275.5,CIV,-3.3757065,6.4586675,2389.0,1325534.375,533.9000244140625,2389.0
1275.5,CIV,-5.6256975,8.2086605,2040.0,1325534.375,625.2000122070312,2040.0
1275.40002441,CIV,-6.0423625,6.4586675,2525.0,1325430.375,505.1000061035156,2525.0
1275.09997559,CIV,-7.2090245,8.5419925,2989.0,1325118.75,426.6000061035156,2989.0
1273.40002441,CIV,-4.3757025,8.2086605,2243.0,1323352.0,567.5999755859375,2243.0
1273.30004883,CIV,-6.1256955,6.6253335,2525.0,1323248.125,504.2999877929688,2525.0
1272.80004883,CIV,-7.2923575,8.9586575,2239.0,1322728.5,568.4000244140625,2239.0
1272.0,CIV,-2.7923755,8.4586595,2242.0,1321897.125,567.2999877929688,2242.0
1271.90002441,CIV,-7.8756885,7.1253315,2161.60009765625,1321793.125,588.2999877929688,2161.60009765625
1271.69995117,CIV,-5.9590295,6.4586675,2525.0,1321585.25,503.7000122070313,2525.0
1271.69995117,CIV,-4.7923675,7.7919955,2110.0,1321585.25,602.5999755859375,2110.0
1271.59997559,CIV,-5.2090325,8.2919935,2107.0,1321481.375,603.4000244140625,2107.0
1269.40002441,CIV,-7.5423565,6.2920015,2494.39990234375,1319195.125,508.8999938964844,2494.39990234375
1268.59997559,CIV,-5.7923635,6.3753345,2526.0,1318363.75,502.2000122070313,2526.0
1268.0,CIV,-8.0423545,6.6253335,2661.0,1317740.25,476.5,2661.0
1267.59997559,CIV,-2.7090425,8.1253275,2380.0,1317324.5,532.5999755859375,2380.0
1267.40002441,CIV,-7.7090225,8.6253255,3056.0,1317116.6250000002,414.7000122070313,3056.0
1267.19995117,CIV,-3.9590375,5.7920035,2040.0999755859373,1316908.75,621.0999755859375,2040.0999755859373
1266.90002441,CIV,-8.1256875,6.8753325,2523.0,1316597.0,502.1000061035156,2523.0
1265.90002441,CIV,-6.2090285,7.3753305,2064.0,1315557.75,613.2999877929688,2064.0
1262.0,CIV,-8.2090205,6.5420005,2730.0,1311504.75,462.2999877929688,2730.0
1262.0,CIV,-6.3756945,5.7920035,2733.0,1311504.75,461.7999877929688,2733.0
1261.30004883,CIV,-5.9590295,6.3753345,2526.0,1310777.25,499.2999877929688,2526.0
1260.5,CIV,-6.9590255,6.2086685,2437.0,1309945.875,517.2999877929688,2437.0
1260.0,CIV,-3.4590395,5.6253375,2354.60009765625,1309426.375,535.0999755859375,2354.60009765625
1259.69995117,CIV,-5.5423645,6.7086665,2593.0,1309114.625,485.7999877929688,2593.0
1259.59997559,CIV,-6.1256955,7.6253295,2179.0,1309010.7499999995,578.0,2179.0
1259.59997559,CIV,-4.5423685,5.4586715,2598.0,1309010.7499999995,484.7999877929688,2598.0
1257.90002441,CIV,-6.9590255,8.9586575,2443.0,1307244.0000000002,514.9000244140625,2443.0
1257.80004883,CIV,-6.7090265,6.2920015,2508.89990234375,1307139.9999999995,501.3999938964844,2508.89990234375
1257.59997559,CIV,-5.8756965,6.2920015,2526.0,1306932.25,497.8999938964844,2526.0
1256.40002441,CIV,-4.9590335,6.2920015,2390.0,1305685.125,525.7000122070312,2390.0
1255.90002441,CIV,-7.2923575,7.4586635,1880.9000244140625,1305165.5,667.5999755859375,1880.9000244140625
1255.80004883,CIV,-5.9590295,5.7920035,2789.0,1305061.625,450.2999877929688,2789.0
1255.40002441,CIV,-5.7923635,6.6253335,2525.0,1304645.8750000002,497.2000122070313,2525.0
1254.5,CIV,-3.2923735,6.9586655,2250.0,1303710.625,557.5999755859375,2250.0
1252.59997559,CIV,-3.4590395,6.2920015,2390.0,1301736.125,524.0999755859375,2390.0
1252.40002441,CIV,-7.5423565,9.0419905,2103.0,1301528.25,595.5,2103.0
1251.80004883,CIV,-5.7923635,6.5420005,2525.0,1300904.75,495.7999877929688,2525.0
1250.59997559,CIV,-6.1256955,6.3753345,2536.699951171875,1299657.625,493.0,2536.699951171875
1249.90002441,CIV,-6.1256955,7.8753285,1905.0,1298930.25,656.0999755859375,1905.0
1249.80004883,CIV,-6.8756925,6.3753345,2499.800048828125,1298826.25,500.0,2499.800048828125
1249.0,CIV,-4.8757005,5.7920035,1983.5,1297994.7499999995,629.5999755859375,1983.5
1248.09997559,CIV,-5.3756985,6.0420025,2012.5,1297059.625,620.0999755859375,2012.5
1247.09997559,CIV,-3.1257075,7.1253315,1908.0,1296020.25,653.5999755859375,1908.0
1246.40002441,CIV,-7.7923555,9.0419905,3053.0,1295292.75,408.2000122070313,3053.0
1246.19995117,CIV,-5.9590295,6.5420005,2520.89990234375,1295085.0,494.2999877929688,2520.89990234375
1245.30004883,CIV,-4.7090345,5.4586715,2416.699951171875,1294149.75,515.2999877929688,2416.699951171875
1245.09997559,CIV,-6.4590275,8.1253275,2108.0,1293941.8750000002,590.5999755859375,2108.0
1243.0,CIV,-6.2923615,6.7086665,2524.0,1291759.5,492.5,2524.0
1240.59997559,CIV,-6.5423605,5.7920035,2498.300048828125,1289265.375,496.6000061035156,2498.300048828125
1238.19995117,CIV,-7.1256915,8.8753245,2240.0,1286771.25,552.7999877929688,2240.0
1237.40002441,CIV,-5.8756965,6.6253335,2525.0,1285939.75,490.1000061035156,2525.0
1236.90002441,CIV,-3.2090405,6.9586655,2250.0,1285420.25,549.7999877929688,2250.0
1236.59997559,CIV,-5.5423645,6.0420025,2055.89990234375,1285108.375,601.4000244140625,2055.89990234375
1236.09997559,CIV,-6.3756945,7.2919975,2248.0,1284588.75,549.9000244140625,2248.0
1235.90002441,CIV,-5.7923635,5.8753365,2170.5,1284381.0,569.2999877929688,2170.5
1235.5,CIV,-6.0423625,6.5420005,2457.0,1283965.2500000002,502.8999938964844,2457.0
1235.0,CIV,-2.8757085,8.1253275,1999.9000244140625,1283445.75,617.5,1999.9000244140625
1231.80004883,CIV,-7.2923575,7.1253315,2440.699951171875,1280120.25,504.7000122070313,2440.699951171875
1229.80004883,CIV,-5.8756965,6.7086665,2524.0,1278041.75,487.2000122070313,2524.0
1229.30004883,CIV,-6.6256935,6.7086665,2455.60009765625,1277522.1249999995,500.6000061035156,2455.60009765625
1229.30004883,CIV,-6.3756945,6.7919995,2524.0,1277522.1249999995,487.0,2524.0
1228.40002441,CIV,-7.0423585,5.1253395,2463.0,1276586.7499999995,498.7999877929688,2463.0
1227.0,CIV,-5.5423645,6.7919995,2319.0,1275131.75,529.0999755859375,2319.0
1226.69995117,CIV,-7.5423565,8.0419945,1820.1999511718752,1274820.125,673.9000244140625,1820.1999511718752
1226.69995117,CIV,-5.7090305,6.6253335,2525.0,1274820.125,485.7999877929688,2525.0
1226.09997559,CIV,-6.2090285,5.0420065,2203.800048828125,1274196.6250000002,556.4000244140625,2203.800048828125
1226.0,CIV,-7.3756905,6.7086665,2444.60009765625,1274092.6250000002,501.5,2444.60009765625
1225.40002441,CIV,-6.2090285,7.8753285,1905.0,1273469.0,643.2000122070312,1905.0
1225.40002441,CIV,-6.3756945,7.7919955,2042.0,1273469.0,600.0999755859375,2042.0
1225.09997559,CIV,-7.2923575,9.0419905,2239.0,1273157.2500000002,547.2000122070312,2239.0
1223.19995117,CIV,-6.6256935,7.1253315,2317.0,1271182.75,528.0,2317.0
1222.90002441,CIV,-7.6256895,7.1253315,2367.89990234375,1270871.0,516.5,2367.89990234375
1221.19995117,CIV,-5.3756985,6.4586675,2594.0,1269104.25,470.7999877929688,2594.0
1221.19995117,CIV,-6.2090285,7.5419965,2179.0,1269104.25,560.5,2179.0
1221.09997559,CIV,-6.2090285,7.7086625,1906.0,1269000.375,640.5999755859375,1906.0
1219.80004883,CIV,-6.1256955,6.4586675,2467.199951171875,1267649.375,494.3999938964844,2467.199951171875
1218.5,CIV,-6.3756945,6.8753325,2523.0,1266298.5,483.0,2523.0
1218.09997559,CIV,-3.5423725,6.5420005,2274.5,1265882.7499999995,535.5999755859375,2274.5
1217.59997559,CIV,-4.7923675,5.7920035,2460.0,1265363.125,495.0,2460.0
1215.90002441,CIV,-5.7090305,6.5420005,2525.0,1263596.375,481.6000061035156,2525.0
1215.59997559,CIV,-3.1257075,7.2086645,1908.0,1263284.6250000002,637.0999755859375,1908.0
1215.59997559,CIV,-6.2923615,6.7919995,2524.0,1263284.6250000002,481.6000061035156,2524.0
1215.40002441,CIV,-7.9590215,6.6253335,2593.0,1263076.75,468.7999877929688,2593.0
1212.80004883,CIV,-3.5423725,5.4586715,2348.199951171875,1260374.875,516.5,2348.199951171875
1211.90002441,CIV,-4.3757025,5.4586715,2530.0,1259439.5,479.0,2530.0
1211.69995117,CIV,-4.3757025,8.2919935,2243.0,1259231.625,540.2999877929688,2243.0
1211.30004883,CIV,-6.2090285,6.5420005,2457.0,1258815.875,493.0,2457.0
1209.19995117,CIV,-6.2090285,6.6253335,2525.0,1256633.625,478.8999938964844,2525.0
1208.90002441,CIV,-6.2090285,7.0419985,2553.39990234375,1256321.875,473.5,2553.39990234375
1206.59997559,CIV,-3.0423745,7.2086645,1908.0,1253931.625,632.2999877929688,1908.0
1206.59997559,CIV,-4.4590355,8.2919935,2243.0,1253931.625,538.0,2243.0
1206.0,CIV,-5.9590295,5.3753385,2422.300048828125,1253308.0000000002,497.8999938964844,2422.300048828125
1205.5,CIV,-6.1256955,5.0420065,2532.0,1252788.5,476.1000061035156,2532.0
1204.80004883,CIV,-6.4590275,6.9586655,2523.0,1252061.125,477.5,2523.0
1204.19995117,CIV,-7.6256895,9.2086565,2170.0,1251437.5,555.0,2170.0
1203.09997559,CIV,-5.7090305,5.8753365,2571.800048828125,1250294.25,467.7999877929688,2571.800048828125
1202.80004883,CIV,-2.7090425,8.2086605,2379.0,1249982.625,505.6000061035156,2379.0
1201.80004883,CIV,-5.5423645,5.7086705,2182.5,1248943.25,550.7000122070312,2182.5
1201.0,CIV,-5.3756985,7.2919975,1703.0,1248112.0,705.2000122070312,1703.0
1200.80004883,CIV,-7.9590215,7.1253315,2117.10009765625,1247904.125,567.0999755859375,2117.10009765625
1196.59997559,CIV,-5.9590295,6.6253335,2456.0,1243539.25,487.2000122070313,2456.0
1195.19995117,CIV,-4.5423685,6.1253355,2527.0,1242084.375,473.0,2527.0
1194.5,CIV,-6.2090285,6.9586655,2523.0,1241357.0,473.5,2523.0
1194.40002441,CIV,-3.3757065,6.2086685,2145.0,1241253.125,556.9000244140625,2145.0
1193.09997559,CIV,-7.3756905,7.0419985,2448.300048828125,1239902.0,487.3999938964844,2448.300048828125
1192.90002441,CIV,-5.7923635,5.2086725,2203.39990234375,1239694.25,541.4000244140625,2203.39990234375
1191.09997559,CIV,-8.1256875,6.6253335,2584.0,1237823.625,461.0,2584.0
1189.59997559,CIV,-6.0423625,6.6253335,2456.0,1236264.75,484.3999938964844,2456.0
1189.40002441,CIV,-6.5423605,8.1253275,2040.0,1236056.875,583.0,2040.0
1188.59997559,CIV,-3.0423745,7.2919975,1908.0,1235225.5,622.9000244140625,1908.0
1188.5,CIV,-6.5423605,7.0419985,2454.0,1235121.625,484.2999877929688,2454.0
1188.40002441,CIV,-4.7090345,5.6253375,1760.4000244140625,1235017.75,675.0,1760.4000244140625
1184.40002441,CIV,-3.1257075,7.9586615,1678.800048828125,1230860.75,705.5,1678.800048828125
1184.19995117,CIV,-5.3756985,5.7920035,2870.0,1230653.0,412.6000061035156,2870.0
1183.90002441,CIV,-7.8756885,8.8753245,2686.89990234375,1230341.125,440.6000061035156,2686.89990234375
1183.5,CIV,-5.3756985,6.1253355,1669.0,1229925.5,709.0999755859375,1669.0
1180.80004883,CIV,-6.2923615,6.8753325,2523.0,1227119.625,468.0,2523.0
1180.69995117,CIV,-5.2090325,8.1253275,2040.0,1227015.625,578.7000122070312,2040.0
1175.80004883,CIV,-6.1256955,8.1253275,1904.0,1221923.3749999995,617.5,1904.0
1175.0,CIV,-3.1257075,7.2919975,1908.0,1221092.125,615.7999877929688,1908.0
1174.09997559,CIV,-7.1256915,8.9586575,2239.0,1220156.75,524.4000244140625,2239.0
1173.69995117,CIV,-7.2923575,8.4586595,2539.10009765625,1219741.0,462.2999877929688,2539.10009765625
1173.59997559,CIV,-7.3756905,5.6253375,1667.699951171875,1219637.2500000002,703.7000122070312,1667.699951171875
1172.80004883,CIV,-7.2923575,6.6253335,2349.89990234375,1218805.75,499.1000061035156,2349.89990234375
1172.69995117,CIV,-7.3756905,9.1253235,2238.0,1218701.75,524.0,2238.0
1171.40002441,CIV,-6.3756945,7.2086645,2453.0,1217350.75,477.5,2453.0
1170.5,CIV,-3.2090405,7.2086645,1908.0,1216415.5,613.4000244140625,1908.0
1168.5,CIV,-8.0423545,8.4586595,1865.5,1214337.125,626.4000244140625,1865.5
1167.80004883,CIV,-7.7090225,9.2919895,2237.0,1213609.625,522.0999755859375,2237.0
1166.09997559,CIV,-6.2923615,6.6253335,2456.0,1211842.875,474.7999877929688,2456.0
1165.40002441,CIV,-3.0423745,7.3753305,1907.0,1211115.3749999995,611.0999755859375,1907.0
1165.0,CIV,-6.1256955,8.4586595,2106.0,1210699.75,553.2000122070312,2106.0
1164.09997559,CIV,-4.4590355,7.9586615,1926.4000244140625,1209764.375,604.2999877929688,1926.4000244140625
1161.5,CIV,-7.8756885,7.0419985,2295.800048828125,1207062.375,506.0,2295.800048828125
1160.30004883,CIV,-6.0423625,5.1253395,2531.0,1205815.25,458.3999938964844,2531.0
1160.19995117,CIV,-5.4590315,5.1253395,2580.0,1205711.5,449.7000122070313,2580.0
1159.40002441,CIV,-6.3756945,5.6253375,2252.89990234375,1204880.125,514.7000122070312,2252.89990234375
1159.0,CIV,-3.4590395,8.1253275,2176.0,1204464.375,532.5999755859375,2176.0
1158.80004883,CIV,-4.2923695,7.7086625,1969.9000244140625,1204256.5,588.2000122070312,1969.9000244140625
1158.30004883,CIV,-6.5423605,8.0419945,1924.0999755859373,1203737.0,601.9000244140625,1924.0999755859373
1158.09997559,CIV,-5.5423645,5.7920035,2518.800048828125,1203529.125,459.7999877929688,2518.800048828125
1157.90002441,CIV,-2.8757085,8.4586595,2174.0,1203321.25,532.5999755859375,2174.0
1157.69995117,CIV,-5.9590295,6.7919995,2251.0,1203113.375,514.2999877929688,2251.0
1156.69995117,CIV,-6.9590255,9.0419905,2374.0,1202074.25,487.2999877929688,2374.0
1153.80004883,CIV,-5.6256975,6.3753345,2458.0,1199060.5,469.3999938964844,2458.0
1153.59997559,CIV,-6.2090285,8.1253275,1868.0999755859373,1198852.6250000002,617.5,1868.0999755859373
1153.59997559,CIV,-6.4590275,6.4586675,2333.300048828125,1198852.6250000002,494.3999938964844,2333.300048828125
1153.09997559,CIV,-6.8756925,7.1253315,1394.699951171875,1198332.875,826.7999877929686,1394.699951171875
1152.69995117,CIV,-4.0423705,5.4586715,2032.3000488281248,1197917.2500000002,567.2000122070312,2032.3000488281248
1151.80004883,CIV,-6.2090285,8.2086605,1972.0,1196982.0,584.0,1972.0
1150.5,CIV,-3.2090405,7.7919955,1974.0,1195630.875,582.7999877929688,1974.0
1149.90002441,CIV,-4.1257035,6.8753325,1910.0,1195007.5,602.0,1910.0
1149.69995117,CIV,-3.1257075,5.4586715,2530.0,1194799.625,454.5,2530.0
1149.0,CIV,-3.9590375,6.3753345,2461.10009765625,1194072.125,466.8999938964844,2461.10009765625
1148.69995117,CIV,-6.3756945,7.3753305,2180.0,1193760.375,527.0,2180.0
1148.5,CIV,-6.4590275,7.0419985,2454.0,1193552.5,468.0,2454.0
1148.09997559,CIV,-4.5423685,5.7086705,1697.300048828125,1193136.875,676.4000244140625,1697.300048828125
1146.90002441,CIV,-2.8757085,8.0419945,2177.0,1191889.75,526.9000244140625,2177.0
1146.69995117,CIV,-6.2923615,8.2086605,1972.0,1191681.875,581.4000244140625,1972.0
1146.19995117,CIV,-6.7923595,6.0420025,2199.699951171875,1191162.25,521.0999755859375,2199.699951171875
1145.80004883,CIV,-5.0423665,6.2086685,2070.0,1190746.625,553.5999755859375,2070.0
1145.19995117,CIV,-6.3756945,7.0419985,2454.0,1190123.0,466.7000122070313,2454.0
1144.80004883,CIV,-6.1256955,5.2920055,1989.5,1189707.3749999995,575.4000244140625,1989.5
1143.5,CIV,-3.2090405,7.2919975,1908.0,1188356.375,599.2999877929688,1908.0
1142.90002441,CIV,-3.1257075,7.3753305,1907.0,1187732.75,599.2999877929688,1907.0
1142.30004883,CIV,-2.9590415,5.3753385,2531.0,1187109.2500000002,451.3999938964844,2531.0
1142.09997559,CIV,-6.7090265,7.7919955,2178.0,1186901.375,524.4000244140625,2178.0
1140.0,CIV,-5.7090305,8.1253275,1730.800048828125,1184719.125,658.7000122070312,1730.800048828125
1139.19995117,CIV,-7.7923555,8.3753265,2122.39990234375,1183887.75,536.7999877929688,2122.39990234375
1138.40002441,CIV,-8.0423545,7.1253315,2106.89990234375,1183056.25,540.2999877929688,2106.89990234375
1135.0,CIV,-3.6257055,7.1253315,1772.0,1179523.0,640.5,1772.0
1134.40002441,CIV,-3.5423725,8.2919935,2175.0,1178899.5,521.5999755859375,2175.0
1133.69995117,CIV,-4.5423685,7.3753305,1567.800048828125,1178171.875,723.0999755859374,1567.800048828125
1132.19995117,CIV,-6.2090285,6.2086685,2235.199951171875,1176613.125,506.6000061035156,2235.199951171875
1131.69995117,CIV,-5.7090305,8.0419945,1904.0,1176093.5,594.2999877929688,1904.0
1131.09997559,CIV,-4.4590355,7.6253295,1533.800048828125,1175469.875,737.5,1533.800048828125
1130.59997559,CIV,-5.6256975,6.1253355,2459.0,1174950.375,459.7999877929688,2459.0
1129.40002441,CIV,-3.2090405,7.3753305,1907.0,1173703.25,592.2000122070312,1907.0
1129.19995117,CIV,-6.9590255,9.1253235,2374.0,1173495.375,475.7000122070313,2374.0
1129.09997559,CIV,-5.6256975,6.5420005,2525.0,1173391.5,447.2000122070313,2525.0
1128.30004883,CIV,-6.0423625,6.3753345,2215.0,1172560.25,509.3999938964844,2215.0
1128.09997559,CIV,-5.3756985,5.8753365,2801.0,1172352.25,402.7000122070313,2801.0
1126.90002441,CIV,-4.8757005,6.2086685,2390.0,1171105.25,471.5,2390.0
1126.5,CIV,-5.5423645,6.3753345,2458.0,1170689.5,458.2999877929688,2458.0
1126.5,CIV,-7.7090225,8.9586575,2850.0,1170689.5,395.2999877929688,2850.0
1126.0,CIV,-4.2090365,6.4586675,1857.5,1170169.875,606.2000122070312,1857.5
1126.0,CIV,-5.2923655,6.2920015,1678.699951171875,1170169.875,670.7000122070312,1678.699951171875
1125.59997559,CIV,-5.6256975,6.2920015,2405.10009765625,1169754.25,468.0,2405.10009765625
1124.90002441,CIV,-3.0423745,7.4586635,1907.0,1169026.75,589.7999877929688,1907.0
1124.69995117,CIV,-2.6257095,8.2919935,2379.0,1168818.875,472.7999877929688,2379.0
1123.40002441,CIV,-6.7923595,6.9586655,2139.800048828125,1167467.875,525.0,2139.800048828125
1123.19995117,CIV,-6.4590275,7.1253315,2386.0,1167260.125,470.7999877929688,2386.0
1121.0,CIV,-7.6256895,6.8753325,2183.699951171875,1164973.75,513.4000244140625,2183.699951171875
1119.40002441,CIV,-5.5423645,5.8753365,2359.300048828125,1163311.0,474.5,2359.300048828125
1119.40002441,CIV,-7.2923575,8.2919935,2651.0,1163311.0,422.2999877929688,2651.0
1119.19995117,CIV,-5.4590315,8.3753265,1971.0,1163103.125,567.7999877929688,1971.0
1118.59997559,CIV,-5.8756965,6.8753325,2182.0,1162479.625,512.7000122070312,2182.0
1117.19995117,CIV,-6.5423605,4.8753405,2026.0999755859373,1161024.75,551.5,2026.0999755859373
1115.90002441,CIV,-7.6256895,9.2919895,2237.0,1159673.75,498.8999938964844,2237.0
1115.80004883,CIV,-6.2090285,6.1253355,2315.0,1159569.75,482.0,2315.0
1115.59997559,CIV,-2.7090425,8.2919935,2379.0,1159361.875,468.8999938964844,2379.0
1115.40002441,CIV,-6.4590275,7.2919975,2180.0,1159154.0,511.7000122070313,2180.0
1115.0,CIV,-7.5423565,6.6253335,2079.89990234375,1158738.375,536.0999755859375,2079.89990234375
1114.5,CIV,-3.5423725,6.1253355,1778.5999755859375,1158218.75,626.5999755859375,1778.5999755859375
1110.59997559,CIV,-5.7090305,6.7086665,2062.89990234375,1154165.75,538.4000244140625,2062.89990234375
1109.80004883,CIV,-6.6256935,4.9586735,1810.6999511718752,1153334.375,612.9000244140625,1810.6999511718752
1108.30004883,CIV,-5.8756965,7.7919955,1906.0,1151775.625,581.4000244140625,1906.0
1108.19995117,CIV,-5.8756965,5.1253395,2143.89990234375,1151671.625,516.9000244140625,2143.89990234375
1107.0,CIV,-6.3756945,7.1253315,2386.0,1150424.625,464.0,2386.0
1105.09997559,CIV,-3.1257075,5.8753365,2391.0,1148450.125,462.2000122070313,2391.0
1104.5,CIV,-3.4590395,8.2919935,1971.0,1147826.5,560.4000244140625,1971.0
1102.90002441,CIV,-6.7090265,4.7920075,2259.0,1146163.75,488.2000122070313,2259.0
1102.09997559,CIV,-6.6256935,4.7920075,2113.10009765625,1145332.25,521.5999755859375,2113.10009765625
1101.69995117,CIV,-4.5423685,5.5420045,1646.4000244140625,1144916.625,669.0999755859375,1646.4000244140625
1101.19995117,CIV,-6.0423625,5.0420065,2395.0,1144397.125,459.7999877929688,2395.0
1099.59997559,CIV,-6.6256935,7.2086645,2249.0,1142734.25,489.0,2249.0
1099.09997559,CIV,-6.3756945,7.4586635,2248.0,1142214.75,489.0,2248.0
1098.90002441,CIV,-7.1256915,5.1253395,1935.3000488281248,1142006.875,567.7999877929688,1935.3000488281248
1094.19995117,CIV,-3.3757065,8.1253275,2108.0,1137122.5,519.0999755859375,2108.0
1093.40002441,CIV,-8.1256875,6.9586655,2386.0,1136291.125,458.2999877929688,2386.0
1090.69995117,CIV,-6.4590275,7.3753305,2180.0,1133485.125,500.2999877929688,2180.0
1089.90002441,CIV,-6.2090285,7.6253295,2110.0,1132653.75,516.5999755859375,2110.0
1089.30004883,CIV,-6.8756925,8.9586575,2239.0,1132030.25,486.5,2239.0
1087.80004883,CIV,-2.9590415,7.8753285,1544.4000244140625,1130471.375,704.2999877929688,1544.4000244140625
1087.59997559,CIV,-6.2923615,7.1253315,2386.0,1130263.5,455.7999877929688,2386.0
1087.40002441,CIV,-6.7090265,6.1253355,2218.699951171875,1130055.75,490.2000122070313,2218.699951171875
1087.19995117,CIV,-5.2090325,5.3753385,1909.0,1129847.875,569.5,1909.0
1087.19995117,CIV,-3.2090405,7.8753285,1732.199951171875,1129847.875,627.5999755859375,1732.199951171875
1086.5,CIV,-6.8756925,7.2086645,1503.0999755859375,1129120.375,722.7999877929686,1503.0999755859375
1085.30004883,CIV,-4.6257015,7.4586635,1390.5,1127873.375,780.5,1390.5
1085.0,CIV,-3.7090385,5.4586715,2619.5,1127561.625,414.2000122070313,2619.5
1083.40002441,CIV,-6.1256955,7.3753305,2180.0,1125898.875,497.0,2180.0
1081.69995117,CIV,-4.5423685,6.6253335,1774.0,1124132.125,609.7000122070312,1774.0
1079.5,CIV,-5.4590315,5.7086705,2217.800048828125,1121845.875,486.7999877929688,2217.800048828125
1078.80004883,CIV,-4.4590355,6.3753345,1843.0,1121118.375,585.2999877929688,1843.0
1078.59997559,CIV,-6.0423625,5.3753385,2092.199951171875,1120910.5,515.5999755859375,2092.199951171875
1077.80004883,CIV,-6.6256935,5.9586695,2264.699951171875,1120079.125,476.0,2264.699951171875
1077.69995117,CIV,-6.1256955,8.2086605,1904.0,1119975.25,566.0999755859375,1904.0
1076.90002441,CIV,-5.9590295,5.8753365,2201.300048828125,1119143.875,489.2000122070313,2201.300048828125
1076.59997559,CIV,-5.9590295,7.7919955,1701.0,1118832.0,632.9000244140625,1701.0
1076.30004883,CIV,-5.3756985,5.3753385,2089.300048828125,1118520.25,515.2000122070312,2089.300048828125
1076.0,CIV,-3.3757065,7.2919975,1908.0,1118208.5,564.0,1908.0
1075.40002441,CIV,-3.1257075,7.4586635,1907.0,1117585.0,564.0,1907.0
1074.40002441,CIV,-4.1257035,6.5420005,1842.0,1116545.75,583.2000122070312,1842.0
1073.69995117,CIV,-3.0423745,5.8753365,2323.0,1115818.25,462.2000122070313,2323.0
1073.30004883,CIV,-6.4590275,6.3753345,2227.300048828125,1115402.625,481.8999938964844,2227.300048828125
1073.30004883,CIV,-5.7923635,6.7919995,2114.0,1115402.625,507.7999877929688,2114.0
1071.69995117,CIV,-8.2923535,6.5420005,2078.89990234375,1113739.75,515.5,2078.89990234375
1071.59997559,CIV,-5.0423665,5.7920035,2389.699951171875,1113636.0,448.5,2389.699951171875
1071.59997559,CIV,-5.4590315,6.4586675,2389.0,1113636.0,448.6000061035156,2389.0
1070.0,CIV,-5.8756965,5.2086725,2006.6999511718752,1111973.25,533.2999877929688,2006.6999511718752
1067.69995117,CIV,-5.5423645,6.1253355,1643.699951171875,1109583.0,649.5,1643.699951171875
1066.59997559,CIV,-5.5423645,5.2086725,2236.800048828125,1108439.75,476.8999938964844,2236.800048828125
1066.19995117,CIV,-2.5423765,8.2919935,2311.800048828125,1108024.125,461.2000122070313,2311.800048828125
1065.0,CIV,-6.2090285,8.3753265,1971.0,1106777.125,540.4000244140625,1971.0
1064.69995117,CIV,-7.2090245,7.4586635,2724.0,1106465.25,390.8999938964844,2724.0
1064.09997559,CIV,-3.7090385,8.3753265,2175.0,1105841.75,489.2999877929688,2175.0
1063.59997559,CIV,-6.4590275,5.0420065,1593.9000244140625,1105322.25,667.2999877929688,1593.9000244140625
1063.09997559,CIV,-2.9590415,7.4586635,1839.0,1104802.5,578.0,1839.0
1062.80004883,CIV,-7.2923575,7.5419965,2338.800048828125,1104490.75,454.3999938964844,2338.800048828125
1062.59997559,CIV,-6.4590275,7.8753285,1670.699951171875,1104282.875,636.0,1670.699951171875
1062.0,CIV,-5.2923655,8.2919935,2048.5,1103659.375,518.5,2048.5
1060.90002441,CIV,-5.7923635,6.1253355,2149.699951171875,1102516.25,493.6000061035156,2149.699951171875
1059.5,CIV,-7.0423585,6.7919995,2312.89990234375,1101061.25,458.1000061035156,2312.89990234375
1059.40002441,CIV,-6.2923615,6.0420025,2079.699951171875,1100957.375,509.3999938964844,2079.699951171875
1059.19995117,CIV,-5.8756965,5.7920035,2401.60009765625,1100749.5,441.1000061035156,2401.60009765625
1059.0,CIV,-6.7090265,8.8753245,2443.0,1100541.75,433.5,2443.0
1058.80004883,CIV,-6.2923615,4.9586735,2395.0,1100333.75,442.1000061035156,2395.0
1057.30004883,CIV,-3.5423725,5.5420045,2028.9000244140625,1098775.0,521.2000122070312,2028.9000244140625
1056.5,CIV,-6.1256955,7.4586635,2180.0,1097943.625,484.7000122070313,2180.0
1056.0,CIV,-6.1256955,7.5419965,2179.0,1097424.0,484.7000122070313,2179.0
1055.80004883,CIV,-3.2090405,6.0420025,1496.199951171875,1097216.125,705.7000122070312,1496.199951171875
1055.09997559,CIV,-4.5423685,8.0419945,1435.9000244140625,1096488.75,734.7999877929686,1435.9000244140625
1053.80004883,CIV,-3.4590395,5.5420045,2367.39990234375,1095137.75,445.2000122070313,2367.39990234375
1052.69995117,CIV,-5.6256975,8.2919935,1903.0,1093994.5,553.2000122070312,1903.0
1051.59997559,CIV,-7.7923555,9.1253235,1510.800048828125,1092851.375,696.0,1510.800048828125
1050.40002441,CIV,-5.9590295,7.9586615,1701.0,1091604.25,617.5,1701.0
1049.69995117,CIV,-6.2090285,8.2919935,1971.0,1090876.875,532.5999755859375,1971.0
1049.69995117,CIV,-5.5423645,8.2919935,1971.0,1090876.875,532.5999755859375,1971.0
1047.40002441,CIV,-6.3756945,6.9586655,2162.800048828125,1088486.625,484.2999877929688,2162.800048828125
1046.0,CIV,-5.8756965,7.8753285,1701.0,1087031.75,614.9000244140625,1701.0
1045.5,CIV,-5.4590315,6.7086665,2251.0,1086512.125,464.5,2251.0
1044.80004883,CIV,-3.6257055,5.7086705,2019.1999511718752,1085784.75,517.5,2019.1999511718752
1043.40002441,CIV,-4.2090365,5.3753385,2325.0,1084329.75,448.7999877929688,2325.0
1042.09997559,CIV,-5.3756985,8.4586595,1767.0,1082978.75,589.7000122070312,1767.0
1041.69995117,CIV,-6.0423625,6.8753325,2025.5,1082563.0,514.2999877929688,2025.5
1041.59997559,CIV,-5.8756965,7.9586615,1701.0,1082459.125,612.2999877929688,1701.0
1040.80004883,CIV,-3.6257055,7.2086645,1772.0,1081627.75,587.2999877929688,1772.0
1040.59997559,CIV,-7.3756905,5.2920055,1588.699951171875,1081419.875,655.0,1588.699951171875
1040.40002441,CIV,-4.5423685,6.3753345,1843.0,1081212.0,564.5999755859375,1843.0
1039.80004883,CIV,-6.7090265,8.7086585,2308.0,1080588.5,450.6000061035156,2308.0
1039.40002441,CIV,-7.6256895,7.9586615,1749.9000244140625,1080172.75,593.9000244140625,1749.9000244140625
1038.59997559,CIV,-6.8756925,6.2920015,2224.39990234375,1079341.375,466.8999938964844,2224.39990234375
1038.59997559,CIV,-8.0423545,8.2919935,2440.800048828125,1079341.375,425.5,2440.800048828125
1037.80004883,CIV,-6.1256955,6.0420025,2090.5,1078510.0,496.5,2090.5
1036.5,CIV,-2.9590415,7.7086625,1838.0,1077159.125,564.0,1838.0
1035.0,CIV,-7.0423585,6.1253355,1976.5,1075600.25,523.7000122070312,1976.5
1034.40002441,CIV,-7.9590215,8.2086605,1931.0999755859373,1074976.75,535.7000122070312,1931.0999755859373
1032.69995117,CIV,-6.6256935,8.0419945,1683.699951171875,1073210.0,613.2999877929688,1683.699951171875
1032.19995117,CIV,-3.0423745,7.7086625,1838.0,1072690.375,561.5999755859375,1838.0
1031.90002441,CIV,-4.8757005,5.7086705,1252.300048828125,1072378.625,824.0,1252.300048828125
1030.5,CIV,-7.7923555,8.9586575,2782.0,1070923.75,370.3999938964844,2782.0
1029.30004883,CIV,-4.9590335,6.0420025,2391.0,1069676.75,430.5,2391.0
1028.90002441,CIV,-4.4590355,6.4586675,1843.0,1069261.0,558.2999877929688,1843.0
1027.80004883,CIV,-7.4590235,7.3753305,1923.3000488281248,1068117.75,534.4000244140625,1923.3000488281248
1027.30004883,CIV,-7.9590215,7.2919975,2221.199951171875,1067598.25,462.5,2221.199951171875
1026.09997559,CIV,-8.0423545,7.9586615,1911.0999755859373,1066351.125,537.0,1911.0999755859373
1025.40002441,CIV,-7.2090245,5.2086725,2189.0,1065623.625,468.5,2189.0
1024.80004883,CIV,-2.7923755,5.2086725,2052.0,1065000.125,499.5,2052.0
1023.29998779,CIV,-3.2923735,6.5420005,1848.5999755859373,1063441.25,553.5999755859375,1848.5999755859373
1022.79998779,CIV,-6.8756925,8.2919935,2039.0,1062921.75,501.7000122070313,2039.0
1019.79998779,CIV,-7.4590235,6.5420005,1907.0999755859373,1059804.0,534.7999877929688,1907.0999755859373
1019.09997559,CIV,-5.9590295,8.0419945,1700.0,1059076.5,599.5,1700.0
1017.20001221,CIV,-2.6257095,8.2086605,1996.6999511718752,1057101.875,509.5,1996.6999511718752
1015.0,CIV,-3.6257055,5.7920035,1808.1999511718752,1054815.75,561.4000244140625,1808.1999511718752
1014.70001221,CIV,-3.4590395,8.4586595,1970.0,1054503.875,515.0999755859375,1970.0
1013.5,CIV,-5.6256975,5.3753385,2153.199951171875,1053256.75,470.7000122070313,2153.199951171875
1013.20001221,CIV,-5.7923635,5.1253395,2310.300048828125,1052945.125,438.6000061035156,2310.300048828125
1013.09997559,CIV,-5.7923635,6.2086685,2058.89990234375,1052841.125,492.1000061035156,2058.89990234375
1011.59997559,CIV,-6.3756945,8.0419945,1972.0,1051282.25,513.0,1972.0
1011.59997559,CIV,-4.7090345,7.6253295,1456.800048828125,1051282.25,694.4000244140625,1456.800048828125
1010.90002441,CIV,-6.5423605,6.2920015,2147.300048828125,1050554.75,470.7999877929688,2147.300048828125
1010.70001221,CIV,-7.7923555,9.2919895,2034.0,1050347.0,496.8999938964844,2034.0
1010.40002441,CIV,-7.2923575,5.4586715,1448.4000244140625,1050035.25,697.5999755859375,1448.4000244140625
1009.79998779,CIV,-4.8757005,6.1253355,2322.0,1049411.75,434.8999938964844,2322.0
1009.59997559,CIV,-7.3756905,5.7086705,2202.60009765625,1049203.75,458.3999938964844,2202.60009765625
1009.20001221,CIV,-5.5423645,8.3753265,1971.0,1048788.125,512.0999755859375,1971.0
1008.70001221,CIV,-6.7923595,8.9586575,2239.0,1048268.625,450.6000061035156,2239.0
1008.40002441,CIV,-3.4590395,8.2086605,1972.0,1047956.8125,511.3999938964844,1972.0
1008.20001221,CIV,-7.2090245,7.1253315,2349.89990234375,1047748.875,429.1000061035156,2349.89990234375
1006.59997559,CIV,-5.4590315,6.5420005,2457.0,1046086.125,409.7000122070313,2457.0
1005.90002441,CIV,-5.3756985,8.1253275,1768.0,1045358.6875,568.9000244140625,1768.0
1005.79998779,CIV,-7.5423565,6.9586655,1949.8000488281248,1045254.6875,515.9000244140625,1949.8000488281248
1005.70001221,CIV,-7.7923555,8.8753245,2715.0,1045150.875,370.3999938964844,2715.0
1005.5,CIV,-3.5423725,7.3753305,1771.0,1044943.0,567.7000122070312,1771.0
1004.0,CIV,-3.7923715,8.3753265,2079.699951171875,1043384.1875,482.7999877929688,2079.699951171875
1003.79998779,CIV,-5.9590295,7.8753285,1560.5999755859375,1043176.375,643.2000122070312,1560.5999755859375
1003.09997559,CIV,-5.1256995,5.7920035,2513.800048828125,1042448.8125,399.0,2513.800048828125
998.90002441,CIV,-3.8757045,8.2919935,2175.0,1038084.1875,459.2999877929688,2175.0
998.59997559,CIV,-3.7923715,6.3753345,2145.199951171875,1037772.3125,465.5,2145.199951171875
998.5,CIV,-6.2090285,8.4586595,1970.0,1037668.5,506.8999938964844,1970.0
995.20001221,CIV,-6.5423605,4.9586735,1623.9000244140625,1034238.875,612.9000244140625,1623.9000244140625
995.09997559,CIV,-6.8756925,5.8753365,1815.4000244140625,1034135.125,548.2000122070312,1815.4000244140625
994.29998779,CIV,-4.6257015,6.3753345,1843.0,1033303.6875,539.5999755859375,1843.0
993.5,CIV,-3.3757065,8.4586595,1970.0,1032472.3125,504.3999938964844,1970.0
993.5,CIV,-7.3756905,6.2920015,1904.0,1032472.3125,521.9000244140625,1904.0
992.90002441,CIV,-5.8756965,8.0419945,1700.0,1031848.6875,584.0,1700.0
992.70001221,CIV,-3.3757065,8.2919935,1971.0,1031640.875,503.7000122070313,1971.0
992.40002441,CIV,-5.2923655,5.2920055,2065.199951171875,1031329.1875,480.6000061035156,2065.199951171875
992.40002441,CIV,-4.7923675,7.8753285,1829.6999511718752,1031329.1875,542.5,1829.6999511718752
991.09997559,CIV,-4.4590355,6.2086685,1718.0,1029978.125,576.9000244140625,1718.0
991.0,CIV,-6.6256935,7.6253295,2179.0,1029874.1875,454.7999877929688,2179.0
990.79998779,CIV,-7.2923575,6.7086665,1985.3000488281248,1029666.375,499.1000061035156,1985.3000488281248
989.29998779,CIV,-3.2923735,8.4586595,1970.0,1028107.625,502.2000122070313,1970.0
987.70001221,CIV,-6.5423605,5.2920055,1487.9000244140625,1026444.8125,663.7999877929688,1487.9000244140625
986.70001221,CIV,-6.1256955,6.1253355,2005.1999511718752,1025405.625,492.1000061035156,2005.1999511718752
985.59997559,CIV,-6.4590275,5.7920035,2021.5999755859373,1024262.3125,487.6000061035156,2021.5999755859373
985.0,CIV,-3.3757065,7.4586635,1839.0,1023638.875,535.7000122070312,1839.0
984.90002441,CIV,-4.6257015,7.2919975,1406.800048828125,1023534.875,700.0999755859375,1406.800048828125
982.5,CIV,-5.6256975,8.1253275,1836.0,1021040.8125,535.2000122070312,1836.0
981.40002441,CIV,-5.0423665,5.7086705,1734.5,1019897.6874999998,565.9000244140625,1734.5
979.70001221,CIV,-6.0423625,6.7086665,1733.300048828125,1018131.0,565.2999877929688,1733.300048828125
978.79998779,CIV,-5.6256975,5.1253395,2296.5,1017195.625,426.2000122070313,2296.5
978.40002441,CIV,-4.2923695,6.6253335,1842.0,1016779.875,531.2000122070312,1842.0
976.40002441,CIV,-3.6257055,7.2919975,1772.0,1014701.5,551.0999755859375,1772.0
975.70001221,CIV,-3.8757045,8.0419945,1967.5,1013974.0,496.0,1967.5
975.29998779,CIV,-6.4590275,4.8753405,1990.6999511718752,1013558.375,490.0,1990.6999511718752
975.09997559,CIV,-4.5423685,6.4586675,1843.0,1013350.5,529.2000122070312,1843.0
975.0,CIV,-7.0423585,8.7086585,1656.0999755859375,1013246.625,588.7000122070312,1656.0999755859375
972.79998779,CIV,-6.7090265,7.1253315,2386.0,1010960.3125,407.7000122070313,2386.0
972.59997559,CIV,-4.6257015,6.2920015,1566.800048828125,1010752.5,620.7000122070312,1566.800048828125
972.09997559,CIV,-4.1257035,6.7919995,1587.4000244140625,1010232.8125,612.4000244140625,1587.4000244140625
972.09997559,CIV,-7.2090245,6.5420005,1952.6999511718752,1010232.8125,497.8999938964844,1952.6999511718752
972.0,CIV,-5.2923655,8.1253275,1836.0,1010128.875,529.5,1836.0
971.79998779,CIV,-3.7090385,6.2920015,1759.699951171875,1009921.125,552.2999877929688,1759.699951171875
971.79998779,CIV,-6.2923615,7.7919955,1722.699951171875,1009921.125,564.2000122070312,1722.699951171875
971.59997559,CIV,-4.5423685,6.0420025,1546.800048828125,1009713.1875,628.2000122070312,1546.800048828125
968.5,CIV,-6.7923595,7.2086645,2385.0,1006491.625,406.1000061035156,2385.0
968.20001221,CIV,-4.2090365,6.6253335,1774.0,1006179.8125,545.7999877929688,1774.0
967.79998779,CIV,-8.2090205,6.8753325,2251.0,1005764.125,430.0,2251.0
967.59997559,CIV,-6.2090285,4.9586735,2202.300048828125,1005556.3125,439.3999938964844,2202.300048828125
967.0,CIV,-6.2090285,6.7086665,2031.0,1004932.6875,476.2000122070313,2031.0
967.0,CIV,-2.9590415,5.4586715,2051.0,1004932.6875,471.5,2051.0
966.59997559,CIV,-7.1256915,6.1253355,1829.8000488281248,1004517.0,528.2999877929688,1829.8000488281248
964.79998779,CIV,-3.7090385,6.2086685,2048.39990234375,1002646.5,471.0,2048.39990234375
962.90002441,CIV,-4.6257015,7.2086645,1428.300048828125,1000671.875,674.2000122070312,1428.300048828125
962.70001221,CIV,-4.0423705,7.0419985,1704.0,1000464.125,565.0,1704.0
960.70001221,CIV,-6.7923595,7.2919975,2385.0,998385.625,402.7999877929688,2385.0
959.20001221,CIV,-3.3757065,7.2086645,1908.0,996826.8125,502.7999877929688,1908.0
959.0,CIV,-8.1256875,8.3753265,1783.0999755859375,996618.875,537.9000244140625,1783.0999755859375
958.40002441,CIV,-4.7923675,5.9586695,2211.300048828125,995995.375,433.5,2211.300048828125
958.29998779,CIV,-4.2923695,8.3753265,1903.0,995891.5,503.6000061035156,1903.0
957.90002441,CIV,-6.2090285,5.7086705,1778.300048828125,995475.8125,538.7000122070312,1778.300048828125
957.09997559,CIV,-4.2923695,6.4586675,1552.199951171875,994644.375,616.5999755859375,1552.199951171875
956.90002441,CIV,-6.7090265,7.2086645,2385.0,994436.625,401.2000122070313,2385.0
956.59997559,CIV,-3.5423725,8.1253275,2040.0,994124.8125,468.8999938964844,2040.0
954.70001221,CIV,-7.5423565,8.2919935,2145.800048828125,992150.3125,445.0,2145.800048828125
954.59997559,CIV,-3.2923735,7.4586635,1839.0,992046.375,519.0999755859375,1839.0
953.5,CIV,-5.8756965,8.1253275,1700.0,990903.1875,561.0,1700.0
952.90002441,CIV,-7.7090225,9.2086565,1584.800048828125,990279.625,601.2999877929688,1584.800048828125
951.40002441,CIV,-6.9590255,6.0420025,1812.4000244140625,988720.8125,525.0,1812.4000244140625
950.20001221,CIV,-3.7923715,6.5420005,2232.800048828125,987473.6875,425.6000061035156,2232.800048828125
949.0,CIV,-3.0423745,8.2919935,1841.9000244140625,986226.6875,515.2999877929688,1841.9000244140625
946.20001221,CIV,-3.7090385,5.6253375,1963.8000488281248,983316.8125,481.8999938964844,1963.8000488281248
944.40002441,CIV,-7.0423585,7.6253295,2383.0,981446.3125,396.3999938964844,2383.0
943.09997559,CIV,-6.0423625,5.4586715,1720.300048828125,980095.1875,548.2000122070312,1720.300048828125
942.29998779,CIV,-7.4590235,7.9586615,1705.9000244140625,979263.8125,552.4000244140625,1705.9000244140625
941.70001221,CIV,-3.7090385,7.2086645,1772.0,978640.3125,531.5,1772.0
941.29998779,CIV,-5.8756965,6.0420025,2528.0,978224.625,372.2999877929688,2528.0
939.90002441,CIV,-5.4590315,8.0419945,1700.0,976769.8125,552.9000244140625,1700.0
939.5,CIV,-7.2090245,6.9586655,1851.0999755859373,976354.125,507.5,1851.0999755859373
936.59997559,CIV,-6.5423605,7.3753305,2112.0,973340.1875,443.5,2112.0
936.09997559,CIV,-6.0423625,8.1253275,1700.0,972820.6875,550.7000122070312,1700.0
936.09997559,CIV,-5.9590295,8.1253275,1700.0,972820.6875,550.7000122070312,1700.0
935.29998779,CIV,-4.7923675,5.7086705,1435.199951171875,971989.3125,651.5999755859375,1435.199951171875
934.59997559,CIV,-6.9590255,8.3753265,1714.0999755859375,971261.8125,545.2000122070312,1714.0999755859375
934.09997559,CIV,-3.5423725,8.4586595,1970.0,970742.1875,474.2000122070313,1970.0
933.0,CIV,-4.6257015,6.4586675,1843.0,969599.125,506.2000122070313,1843.0
932.59997559,CIV,-5.7090305,8.2086605,1768.0,969183.375,527.5,1768.0
931.29998779,CIV,-3.6257055,7.3753305,1771.0,967832.3125,525.9000244140625,1771.0
931.20001221,CIV,-6.9590255,6.8753325,1870.3000488281248,967728.375,497.8999938964844,1870.3000488281248
930.5,CIV,-8.1256875,6.3753345,2095.10009765625,967000.875,444.1000061035156,2095.10009765625
930.29998779,CIV,-3.7923715,5.6253375,1692.9000244140625,966793.125,549.5,1692.9000244140625
927.70001221,CIV,-5.7090305,6.4586675,1924.9000244140625,964091.1875,481.8999938964844,1924.9000244140625
927.5,CIV,-7.5423565,8.7919915,2079.39990234375,963883.3125,446.0,2079.39990234375
927.40002441,CIV,-7.7923555,9.2086565,1489.5999755859375,963779.3125,622.5,1489.5999755859375
926.90002441,CIV,-3.3757065,8.2086605,1792.0999755859375,963259.8125,517.2000122070312,1792.0999755859375
924.59997559,CIV,-5.9590295,5.0420065,2258.0,960869.625,409.5,2258.0
924.0,CIV,-3.5423725,6.2086685,1895.0999755859373,960246.0,487.6000061035156,1895.0999755859373
922.90002441,CIV,-7.7923555,7.2919975,1678.699951171875,959102.8125,549.7999877929688,1678.699951171875
922.79998779,CIV,-5.1256995,5.2920055,2394.0,958998.875,385.3999938964844,2394.0
922.70001221,CIV,-7.4590235,5.8753365,2007.3000488281248,958895.0,459.7000122070313,2007.3000488281248
922.59997559,CIV,-5.3756985,6.5420005,2252.0,958791.125,409.7000122070313,2252.0
921.70001221,CIV,-7.5423565,8.4586595,1827.5,957855.6875,504.3999938964844,1827.5
921.09997559,CIV,-8.0423545,6.4586675,2020.9000244140625,957232.1875,455.7999877929688,2020.9000244140625
919.90002441,CIV,-3.9590375,7.0419985,1704.0,955985.1875,539.9000244140625,1704.0
917.79998779,CIV,-2.8757085,5.4586715,1915.0,953802.8125,479.2999877929688,1915.0
917.5,CIV,-7.5423565,5.9586695,1979.1999511718752,953491.0,463.6000061035156,1979.1999511718752
916.59997559,CIV,-6.1256955,7.7086625,1664.699951171875,952555.6875,550.7000122070312,1664.699951171875
916.20001221,CIV,-3.2090405,8.4586595,1970.0,952140.0,465.1000061035156,1970.0
915.5,CIV,-5.1256995,5.9586695,2323.0,951412.625,394.1000061035156,2323.0
915.09997559,CIV,-6.2090285,6.7919995,1943.8000488281248,950996.875,470.7999877929688,1943.8000488281248
911.5,CIV,-6.7090265,6.9586655,1768.0,947255.625,515.5,1768.0
911.5,CIV,-4.3757025,8.3753265,1835.0,947255.625,496.7999877929688,1835.0
910.59997559,CIV,-5.7923635,5.9586695,2115.699951171875,946320.375,430.3999938964844,2115.699951171875
909.5,CIV,-7.5423565,8.7086585,1967.5999755859373,945177.1875,462.2999877929688,1967.5999755859373
909.40002441,CIV,-4.2923695,7.7919955,1252.5,945073.3125,726.0,1252.5
909.40002441,CIV,-5.0423665,6.1253355,2390.0,945073.3125,380.5,2390.0
908.40002441,CIV,-6.3756945,6.4586675,1868.8000488281248,944034.0,486.1000061035156,1868.8000488281248
907.70001221,CIV,-4.2923695,6.2920015,1534.199951171875,943306.625,591.5999755859375,1534.199951171875
907.70001221,CIV,-6.2923615,6.9586655,1911.6999511718752,943306.625,474.7999877929688,1911.6999511718752
907.0,CIV,-8.2090205,6.6253335,2048.0,942579.125,442.8999938964844,2048.0
902.5,CIV,-7.3756905,7.2086645,1708.4000244140625,937902.625,528.2999877929688,1708.4000244140625
899.29998779,CIV,-3.8757045,6.3753345,1960.9000244140625,934577.125,458.6000061035156,1960.9000244140625
898.79998779,CIV,-7.5423565,9.2086565,1654.199951171875,934057.5,543.2999877929688,1654.199951171875
898.5,CIV,-5.5423645,6.5420005,2185.699951171875,933745.6875,411.1000061035156,2185.699951171875
895.5,CIV,-7.3756905,5.3753385,1318.0999755859375,930628.0,679.4000244140625,1318.0999755859375
895.5,CIV,-3.7923715,7.2919975,1703.0,930628.0,525.9000244140625,1703.0
895.40002441,CIV,-6.9590255,6.2920015,1861.0,930524.0,481.1000061035156,1861.0
894.20001221,CIV,-7.3756905,4.5420085,1917.0,929277.125,466.5,1917.0
893.20001221,CIV,-4.3757025,6.1253355,1594.5,928237.8125,560.2000122070312,1594.5
892.5,CIV,-4.5423685,8.1253275,1241.699951171875,927510.3125,718.7999877929688,1241.699951171875
892.40002441,CIV,-4.5423685,5.3753385,2120.0,927406.375,420.8999938964844,2120.0
891.29998779,CIV,-3.8757045,7.1253315,1704.0,926263.1875,523.0999755859375,1704.0
891.09997559,CIV,-4.3757025,6.4586675,1775.0,926055.375,502.1000061035156,1775.0
891.09997559,CIV,-7.3756905,5.7920035,1906.1999511718752,926055.375,467.5,1906.1999511718752
891.0,CIV,-6.8756925,4.7086745,2054.0,925951.5,433.7999877929688,2054.0
889.20001221,CIV,-4.9590335,5.7086705,1067.199951171875,924080.875,833.2000122070312,1067.199951171875
888.40002441,CIV,-3.4590395,6.6253335,2047.0,923249.5,434.0,2047.0
886.40002441,CIV,-6.6256935,6.5420005,1767.9000244140625,921171.0,501.3999938964844,1767.9000244140625
886.29998779,CIV,-7.2923575,8.3753265,2021.3000488281248,921067.125,438.5,2021.3000488281248
885.70001221,CIV,-7.5423565,7.2919975,1661.4000244140625,920443.625,533.2000122070312,1661.4000244140625
884.20001221,CIV,-3.5423725,8.2086605,1818.1999511718752,918884.8125,486.2999877929688,1818.1999511718752
884.09997559,CIV,-5.0423665,8.4586595,1678.5,918780.8125,526.7000122070312,1678.5
882.79998779,CIV,-6.4590275,8.0419945,1836.0,917429.875,480.8999938964844,1836.0
882.0,CIV,-3.1257075,8.4586595,1970.0,916598.5,447.7000122070313,1970.0
881.90002441,CIV,-7.2090245,6.7086665,1767.0,916494.5,499.1000061035156,1767.0
881.79998779,CIV,-3.8757045,7.2086645,1704.0,916390.625,517.5,1704.0
881.79998779,CIV,-3.9590375,7.1253315,1704.0,916390.625,517.5,1704.0
880.90002441,CIV,-7.7090225,8.7086585,1853.6999511718752,915455.3125,475.2000122070313,1853.6999511718752
880.29998779,CIV,-6.7090265,8.9586575,2104.0,914831.6875,418.3999938964844,2104.0
880.29998779,CIV,-4.4590355,7.7086625,1175.300048828125,914831.6875,749.0,1175.300048828125
879.70001221,CIV,-5.3756985,5.9586695,1859.0999755859373,914208.3125,473.2000122070313,1859.0999755859373
879.59997559,CIV,-4.3757025,6.5420005,1774.0,914104.3125,495.7999877929688,1774.0
879.29998779,CIV,-6.5423605,5.0420065,1307.300048828125,913792.625,672.5999755859375,1307.300048828125
878.29998779,CIV,-3.2923735,7.2086645,1840.0,912753.3125,477.3999938964844,1840.0
878.0,CIV,-4.7923675,6.0420025,2254.0,912441.5,389.5,2254.0
876.40002441,CIV,-7.3756905,8.6253255,1923.0,910778.6875,455.7999877929688,1923.0
876.0,CIV,-5.7090305,6.1253355,1962.1999511718752,910363.0,446.3999938964844,1962.1999511718752
875.79998779,CIV,-3.4590395,5.7086705,1304.0999755859375,910155.1875,671.5999755859375,1304.0999755859375
875.29998779,CIV,-3.6257055,6.3753345,1992.3000488281248,909635.625,439.3999938964844,1992.3000488281248
874.90002441,CIV,-2.5423765,8.2086605,1691.5999755859375,909219.875,517.2000122070312,1691.5999755859375
874.79998779,CIV,-3.7923715,6.2920015,1608.0,909116.125,544.0,1608.0
874.70001221,CIV,-3.4590395,7.2086645,1840.0,909012.125,475.3999938964844,1840.0
873.40002441,CIV,-3.4590395,7.2919975,1908.0,907661.125,457.7999877929688,1908.0
873.29998779,CIV,-4.7090345,7.2086645,1207.0999755859375,907557.1875,723.5,1207.0999755859375
872.70001221,CIV,-7.9590215,9.4586555,2033.0,906933.625,429.2000122070313,2033.0
870.29998779,CIV,-4.6257015,6.1253355,2185.0,904439.375,398.2999877929688,2185.0
869.70001221,CIV,-5.3756985,8.0419945,1564.0,903816.0,556.0999755859375,1564.0
869.29998779,CIV,-8.1256875,7.2086645,2112.0,903400.3125,411.6000061035156,2112.0
869.20001221,CIV,-5.1256995,6.1253355,2322.0,903296.3125,374.2999877929688,2322.0
868.40002441,CIV,-6.7090265,5.0420065,1388.9000244140625,902464.875,625.2000122070312,1388.9000244140625
865.0,CIV,-3.7923715,8.4586595,1902.0,898931.625,454.7999877929688,1902.0
864.70001221,CIV,-5.6256975,5.4586715,1772.0,898619.8125,488.0,1772.0
864.29998779,CIV,-4.8757005,6.0420025,2186.0,898204.125,395.3999938964844,2186.0
862.29998779,CIV,-6.7923595,7.8753285,961.0,896125.625,897.2999877929686,961.0
861.70001221,CIV,-4.8757005,6.6253335,990.5999755859376,895502.125,869.9000244140626,990.5999755859376
861.70001221,CIV,-5.8756965,8.2086605,1700.0,895502.125,506.8999938964844,1700.0
861.09997559,CIV,-4.8757005,5.9586695,2186.0,894878.6250000001,393.8999938964844,2186.0
859.40002441,CIV,-4.5423685,7.8753285,1422.0999755859375,893111.875,604.2999877929688,1422.0999755859375
858.90002441,CIV,-6.0423625,8.5419925,1834.0,892592.3125,468.2999877929688,1834.0
858.70001221,CIV,-3.5423725,5.6253375,1367.0,892384.5,628.0999755859375,1367.0
857.79998779,CIV,-3.1257075,5.5420045,2119.0,891449.125,404.7999877929688,2119.0
856.90002441,CIV,-6.2923615,7.3753305,1249.9000244140625,890513.875,685.5,1249.9000244140625
855.70001221,CIV,-3.2923735,8.3753265,1903.0,889266.8125,449.6000061035156,1903.0
854.90002441,CIV,-4.4590355,5.3753385,2052.0,888435.375,416.6000061035156,2052.0
854.59997559,CIV,-6.0423625,8.3753265,1835.0,888123.6875,465.7000122070313,1835.0
854.29998779,CIV,-7.3756905,6.7919995,1527.199951171875,887811.8125,559.4000244140625,1527.199951171875
853.90002441,CIV,-7.2923575,6.8753325,1715.0,887396.1875,497.8999938964844,1715.0
853.40002441,CIV,-7.4590235,9.2919895,2034.0,886876.625,419.6000061035156,2034.0
853.40002441,CIV,-3.9590375,5.4586715,2051.0,886876.625,416.1000061035156,2051.0
853.20001221,CIV,-7.5423565,7.1253315,1592.699951171875,886668.6875,535.7000122070312,1592.699951171875
852.79998779,CIV,-4.6257015,7.7086625,1192.0999755859375,886253.0,715.2999877929688,1192.0999755859375
852.70001221,CIV,-8.0423545,7.0419985,1656.0999755859375,886149.125,514.9000244140625,1656.0999755859375
852.70001221,CIV,-3.7090385,7.2919975,1703.0,886149.125,500.7000122070313,1703.0
852.40002441,CIV,-5.5423645,7.6253295,1498.0,885837.3125,568.9000244140625,1498.0
852.20001221,CIV,-7.9590215,6.7919995,1798.0999755859375,885629.5,473.8999938964844,1798.0999755859375
850.79998779,CIV,-3.7923715,8.2919935,1868.0999755859373,884174.6250000001,455.3999938964844,1868.0999755859373
849.59997559,CIV,-5.6256975,8.5419925,1630.0,882927.5,521.2000122070312,1630.0
849.09997559,CIV,-6.1256955,7.7919955,1701.0,882407.875,499.2000122070313,1701.0
848.40002441,CIV,-3.9590375,7.2086645,1704.0,881680.375,497.8999938964844,1704.0
848.29998779,CIV,-2.7923755,5.2920055,1787.300048828125,881576.5,474.6000061035156,1787.300048828125
847.90002441,CIV,-3.9590375,7.2919975,1703.0,881160.8125,497.8999938964844,1703.0
847.70001221,CIV,-4.5423685,7.6253295,1278.699951171875,880953.0,662.9000244140625,1278.699951171875
847.5,CIV,-8.0423545,7.8753285,1513.199951171875,880745.125,560.0999755859375,1513.199951171875
846.29998779,CIV,-4.3757025,6.6253335,1774.0,879498.0,477.1000061035156,1774.0
846.09997559,CIV,-5.7923635,6.2920015,1704.4000244140625,879290.1875,496.5,1704.4000244140625
845.40002441,CIV,-3.7923715,6.4586675,1882.8000488281248,878562.6875,449.0,1882.8000488281248
845.20001221,CIV,-7.2090245,6.7919995,1689.5,878354.8125,500.2999877929688,1689.5
843.0,CIV,-6.2090285,5.9586695,1723.0999755859375,876068.625,489.2000122070313,1723.0999755859375
842.70001221,CIV,-5.4590315,7.6253295,1498.0,875756.8125,562.5999755859375,1498.0
842.20001221,CIV,-3.0423745,5.2086725,1847.0,875237.1875,456.0,1847.0
841.70001221,CIV,-4.2923695,6.5420005,1437.800048828125,874717.625,585.2999877929688,1437.800048828125
841.29998779,CIV,-4.5423685,7.4586635,1119.0,874301.875,751.7999877929686,1119.0
841.09997559,CIV,-6.8756925,8.2086605,1836.0,874094.0000000001,458.1000061035156,1836.0
841.0,CIV,-3.2090405,8.3753265,1903.0,873990.125,441.8999938964844,1903.0
839.59997559,CIV,-6.1256955,4.9586735,2121.0,872535.1875,395.8999938964844,2121.0
838.79998779,CIV,-8.0423545,6.5420005,1779.699951171875,871703.8125,471.2999877929688,1779.699951171875
838.70001221,CIV,-3.2923735,7.2919975,1840.0,871599.875,455.7999877929688,1840.0
838.40002441,CIV,-3.8757045,7.2919975,1703.0,871288.125,492.2999877929688,1703.0
837.5,CIV,-7.4590235,4.4586755,1780.0,870352.875,470.5,1780.0
837.40002441,CIV,-7.0423585,7.8753285,1858.5999755859373,870248.875,450.6000061035156,1858.5999755859373
836.90002441,CIV,-3.7090385,7.3753305,1635.0,869729.3125,511.8999938964844,1635.0
835.79998779,CIV,-3.3757065,7.3753305,1703.0,868586.125,490.7999877929688,1703.0
835.20001221,CIV,-4.6257015,6.5420005,1774.0,867962.6250000001,470.7999877929688,1774.0
834.70001221,CIV,-7.8756885,8.9586575,2307.0,867443.0,361.7999877929688,2307.0
834.5,CIV,-5.9590295,7.7086625,1956.5999755859373,867235.125,426.5,1956.5999755859373
833.70001221,CIV,-6.4590275,5.1253395,1198.800048828125,866403.8125,695.4000244140625,1198.800048828125
832.59997559,CIV,-2.9590415,8.4586595,1970.0,865260.625,422.6000061035156,1970.0
832.5,CIV,-5.4590315,8.1253275,1768.0,865156.6875,470.8999938964844,1768.0
831.59997559,CIV,-6.2923615,7.7086625,1646.0999755859375,864221.375,505.2000122070313,1646.0999755859375
831.20001221,CIV,-3.0423745,7.7919955,1244.699951171875,863805.6875,667.7000122070312,1244.699951171875
830.40002441,CIV,-7.5423565,8.2086605,1956.5,862974.3125000001,424.3999938964844,1956.5
829.5,CIV,-6.4590275,5.3753385,1611.699951171875,862039.125,514.7000122070312,1611.699951171875
828.20001221,CIV,-5.4590315,7.7086625,1498.0,860688.0,552.9000244140625,1498.0
826.70001221,CIV,-5.9590295,8.2086605,1700.0,859129.1875,486.2999877929688,1700.0
825.79998779,CIV,-7.4590235,5.0420065,1711.0,858193.8125,482.7000122070313,1711.0
825.79998779,CIV,-5.7090305,6.0420025,1775.4000244140625,858193.8125,465.1000061035156,1775.4000244140625
825.70001221,CIV,-8.3756865,6.7086665,2115.0,858090.0,390.3999938964844,2115.0
825.59997559,CIV,-6.2090285,5.7920035,1426.699951171875,857986.0,578.5999755859375,1426.699951171875
824.09997559,CIV,-4.4590355,6.6253335,1774.0,856427.1875,464.6000061035156,1774.0
822.59997559,CIV,-6.5423605,5.9586695,1723.5999755859375,854868.375,477.2999877929688,1723.5999755859375
822.20001221,CIV,-4.7090345,5.9586695,1749.199951171875,854452.6875,470.1000061035156,1749.199951171875
822.0,CIV,-3.2923735,7.8753285,1276.0,854244.8125,644.0999755859375,1276.0
821.40002441,CIV,-7.7923555,6.4586675,1639.0999755859375,853621.3125,501.1000061035156,1639.0999755859375
819.79998779,CIV,-4.1257035,7.2086645,1704.0,851958.5,481.1000061035156,1704.0
819.59997559,CIV,-3.7923715,7.3753305,1567.0,851750.6875,523.0999755859375,1567.0
818.20001221,CIV,-8.1256875,6.7086665,1726.4000244140625,850295.6875,473.8999938964844,1726.4000244140625
817.40002441,CIV,-6.2090285,7.4586635,1627.300048828125,849464.3125,502.2999877929688,1627.300048828125
817.40002441,CIV,-4.1257035,6.6253335,1706.0,849464.3125,479.1000061035156,1706.0
816.79998779,CIV,-8.2090205,6.4586675,1855.3000488281248,848840.8125,440.2999877929688,1855.3000488281248
816.59997559,CIV,-6.2923615,7.0419985,1734.699951171875,848633.0,470.7999877929688,1734.699951171875
816.09997559,CIV,-4.3757025,5.3753385,2052.0,848113.375,397.7000122070313,2052.0
815.5,CIV,-7.2090245,6.6253335,1645.9000244140625,847489.8125,495.5,1645.9000244140625
814.0,CIV,-3.8757045,6.0420025,1660.0999755859375,845931.0,490.2999877929688,1660.0999755859375
814.0,CIV,-7.4590235,8.1253275,1640.300048828125,845931.0,496.2000122070313,1640.300048828125
813.5,CIV,-3.5423725,7.2086645,1840.0,845411.375,442.1000061035156,1840.0
813.5,CIV,-7.6256895,9.3753225,1966.0,845411.375,413.7999877929688,1966.0
813.40002441,CIV,-5.7923635,7.9586615,1565.0,845307.5,519.7999877929688,1565.0
812.20001221,CIV,-7.3756905,4.6253415,1780.0,844060.375,456.2999877929688,1780.0
811.70001221,CIV,-3.4590395,7.4586635,1703.0,843540.6875,476.7000122070313,1703.0
810.79998779,CIV,-3.0423745,5.2920055,1778.0,842605.5,456.0,1778.0
810.40002441,CIV,-5.1256995,8.2919935,1835.0,842189.8125,441.7000122070313,1835.0
810.20001221,CIV,-6.3756945,5.2086725,1176.9000244140625,841981.875,688.4000244140625,1176.9000244140625
809.79998779,CIV,-4.0423705,6.8753325,1705.0,841566.1875,475.0,1705.0
807.40002441,CIV,-2.5423765,8.3753265,1835.0,839072.125,440.0,1835.0
807.0,CIV,-3.7090385,7.1253315,1568.0,838656.375,514.7000122070312,1568.0
806.70001221,CIV,-6.4590275,5.2920055,1142.699951171875,838344.6875,706.0,1142.699951171875
806.29998779,CIV,-7.7090225,8.0419945,1352.5,837929.0,596.0999755859375,1352.5
805.79998779,CIV,-7.8756885,9.4586555,2033.0,837409.3125,396.3999938964844,2033.0
805.20001221,CIV,-5.2090325,5.7086705,1820.5999755859373,836785.6875,442.2999877929688,1820.5999755859373
804.90002441,CIV,-6.3756945,4.9586735,1317.0,836474.0,611.0999755859375,1317.0
804.79998779,CIV,-6.0423625,8.2086605,1700.0,836370.1875,473.5,1700.0
804.70001221,CIV,-7.2923575,4.9586735,1427.4000244140625,836266.1875,563.7999877929688,1427.4000244140625
803.90002441,CIV,-3.9590375,7.4586635,1498.0,835434.8125,536.5999755859375,1498.0
803.90002441,CIV,-3.6257055,6.6253335,1866.3000488281248,835434.8125,430.7000122070313,1866.3000488281248
803.79998779,CIV,-3.0423745,8.4586595,1902.0,835330.875,422.6000061035156,1902.0
803.40002441,CIV,-5.5423645,7.8753285,1497.0,834915.1875,536.7000122070312,1497.0
803.40002441,CIV,-3.2090405,7.1253315,1704.0,834915.1875,471.5,1704.0
802.90002441,CIV,-6.4590275,6.1253355,1700.800048828125,834395.5,472.1000061035156,1700.800048828125
802.70001221,CIV,-7.6256895,8.5419925,1608.699951171875,834187.6875,499.0,1608.699951171875
802.5,CIV,-2.7923755,5.5420045,1778.0,833979.875,451.3999938964844,1778.0
802.29998779,CIV,-7.1256915,9.2086565,2034.0,833772.0,394.3999938964844,2034.0
800.40002441,CIV,-6.7090265,4.8753405,1479.699951171875,831797.5,540.9000244140625,1479.699951171875
799.79998779,CIV,-6.5423605,5.4586715,1538.699951171875,831174.0000000001,519.7999877929688,1538.699951171875
799.70001221,CIV,-7.2923575,5.0420065,1476.9000244140625,831070.125,541.5,1476.9000244140625
799.59997559,CIV,-4.0423705,7.4586635,1498.0,830966.125,533.7999877929688,1498.0
799.09997559,CIV,-2.7923755,7.9586615,1528.0999755859375,830446.5,523.0,1528.0999755859375
798.09997559,CIV,-3.7923715,8.0419945,1782.699951171875,829407.3125,447.7000122070313,1782.699951171875
794.5,CIV,-6.5423605,5.7086705,1660.4000244140625,825666.125,478.5,1660.4000244140625
793.70001221,CIV,-5.4590315,7.9586615,1497.0,824834.6875,530.2000122070312,1497.0
792.79998779,CIV,-4.4590355,8.3753265,1767.0,823899.375,448.7000122070313,1767.0
792.70001221,CIV,-4.6257015,5.6253375,1166.9000244140625,823795.375,679.2999877929688,1166.9000244140625
792.09997559,CIV,-7.3756905,7.8753285,1951.0,823171.875,406.0,1951.0
790.29998779,CIV,-5.3756985,8.2919935,1835.0,821301.3125,430.7000122070313,1835.0
789.79998779,CIV,-6.7923595,8.8753245,1968.0,820781.6875,401.2999877929688,1968.0
